TransactionID,ProductID,CustomerID,Region,Date,Quantity,Price,Discount,Promotion
1,1007,2007,North America,2023-11-24,2,1335.66,0.0,20% Off
2,1020,2018,North America,2023-02-27,4,1005.81,0.1,None
3,1015,2027,North America,2023-01-13,1,441.69,0.0,10% Off
4,1011,2034,North America,2023-05-21,2,1924.28,0.2,20% Off
5,1008,2027,Africa,2023-05-06,4,1153.39,0.1,20% Off
6,1007,2017,North America,2023-04-25,1,635.41,0.1,Free Shipping
7,1019,2043,Africa,2023-03-13,3,1101.09,0.1,20% Off
8,1011,2044,Africa,2023-02-22,2,1423.32,0.2,None
9,1011,2024,North America,2023-12-13,4,337.23,0.1,10% Off
10,1004,2025,Asia,2023-10-07,1,694.47,0.0,20% Off
11,1008,2007,South America,2023-02-14,1,1652.54,0.0,None
12,1003,2006,Europe,2023-10-30,3,1027.4,0.0,20% Off
13,1002,2024,Africa,2023-08-05,4,1183.84,0.1,20% Off
14,1012,2033,South America,2023-01-17,3,979.07,0.0,20% Off
15,1006,2049,Asia,2023-01-16,3,279.02,0.1,20% Off
16,1002,2029,Europe,2023-02-17,4,498.35,0.0,20% Off
17,1001,2043,Europe,2023-04-22,4,1001.97,0.2,None
18,1012,2022,Africa,2023-04-30,4,576.53,0.2,10% Off
19,1012,2026,North America,2023-09-16,2,289.96,0.2,10% Off
20,1017,2028,Asia,2023-11-05,4,1718.57,0.2,10% Off
21,1010,2050,Africa,2023-01-14,1,1966.15,0.1,10% Off
22,1016,2021,Asia,2023-10-15,3,1627.66,0.0,None
23,1015,2049,North America,2023-04-12,2,1736.81,0.2,Free Shipping
24,1015,2007,North America,2023-11-29,4,635.56,0.1,Free Shipping
25,1019,2017,Africa,2023-12-26,2,1929.13,0.2,None
26,1012,2020,North America,2023-10-07,4,554.47,0.2,None
27,1020,2041,South America,2023-08-03,2,1912.57,0.1,20% Off
28,1003,2049,Europe,2023-04-23,3,1990.67,0.1,20% Off
29,1005,2020,Africa,2023-08-18,3,1481.1,0.0,20% Off
30,1019,2022,Asia,2023-10-29,1,1966.06,0.0,10% Off
31,1007,2028,South America,2023-05-23,1,1225.17,0.2,20% Off
32,1009,2040,Africa,2023-01-04,4,667.18,0.2,Free Shipping
33,1007,2049,North America,2023-03-23,3,986.59,0.0,10% Off
34,1018,2007,North America,2023-12-24,2,1268.41,0.0,20% Off
35,1004,2001,North America,2023-08-05,2,331.55,0.1,10% Off
36,1014,2032,North America,2023-06-24,2,1320.22,0.0,Free Shipping
37,1018,2013,Asia,2023-05-23,1,1966.12,0.0,20% Off
38,1009,2030,South America,2023-03-21,2,542.19,0.2,Free Shipping
39,1002,2023,Europe,2023-04-21,1,1626.67,0.0,Free Shipping
40,1020,2019,Asia,2023-06-22,1,1834.22,0.2,Free Shipping
41,1015,2032,Asia,2023-02-22,4,1898.66,0.0,20% Off
42,1007,2030,Europe,2023-02-17,2,1928.24,0.1,None
43,1012,2029,Europe,2023-07-14,2,1138.63,0.0,20% Off
44,1008,2049,North America,2023-02-19,3,1959.15,0.0,Free Shipping
45,1015,2045,Asia,2023-07-03,4,1563.16,0.0,20% Off
46,1003,2029,Africa,2023-06-26,3,491.01,0.2,Free Shipping
47,1014,2030,Europe,2023-11-06,4,1058.42,0.1,None
48,1017,2016,Europe,2023-05-16,2,1493.0,0.0,10% Off
49,1004,2040,South America,2023-01-23,1,645.21,0.2,None
50,1018,2019,Africa,2023-08-24,1,1353.11,0.1,None
51,1008,2018,Africa,2023-10-02,1,1399.88,0.2,10% Off
52,1004,2001,Europe,2023-03-05,1,492.86,0.2,20% Off
53,1002,2014,North America,2023-07-13,1,1217.15,0.1,10% Off
54,1006,2047,South America,2023-02-10,3,1588.93,0.0,20% Off
55,1010,2050,Africa,2023-10-10,4,1098.01,0.2,20% Off
56,1004,2002,Europe,2023-05-31,2,221.79,0.2,Free Shipping
57,1018,2028,Africa,2023-11-18,3,216.27,0.0,Free Shipping
58,1012,2049,South America,2023-11-13,4,842.65,0.0,10% Off
59,1002,2050,South America,2023-07-05,1,1867.15,0.1,None
60,1010,2030,Asia,2023-10-23,4,611.62,0.1,10% Off
61,1004,2038,Europe,2023-04-09,4,1341.85,0.1,20% Off
62,1014,2004,South America,2023-12-27,1,599.74,0.0,Free Shipping
63,1016,2001,Asia,2023-02-05,1,779.01,0.2,10% Off
64,1015,2008,Asia,2023-01-24,1,1726.48,0.2,10% Off
65,1008,2029,Africa,2023-12-05,2,1511.95,0.1,Free Shipping
66,1014,2039,Africa,2023-04-27,1,371.72,0.0,Free Shipping
67,1008,2003,Asia,2023-05-29,2,971.66,0.2,Free Shipping
68,1016,2032,Africa,2023-02-10,1,252.51,0.1,20% Off
69,1013,2010,South America,2023-04-30,2,1065.6,0.2,Free Shipping
70,1018,2010,North America,2023-02-21,4,1392.38,0.2,None
71,1015,2019,South America,2023-07-14,3,413.3,0.0,10% Off
72,1013,2046,Asia,2023-05-23,4,719.99,0.0,Free Shipping
73,1009,2034,Asia,2023-08-21,4,916.11,0.2,Free Shipping
74,1015,2033,South America,2023-11-22,1,1855.16,0.1,20% Off
75,1013,2023,Africa,2023-07-06,2,1987.86,0.0,20% Off
76,1001,2028,Africa,2023-03-25,3,280.84,0.2,10% Off
77,1007,2032,Asia,2023-07-09,1,1569.81,0.0,None
78,1009,2050,Europe,2023-07-01,1,869.1,0.0,10% Off
79,1001,2007,Africa,2023-04-18,1,906.42,0.0,Free Shipping
80,1012,2029,South America,2023-12-10,4,1557.68,0.2,None
81,1008,2008,Africa,2023-05-17,2,1853.17,0.1,None
82,1011,2001,South America,2023-12-26,2,1911.67,0.1,None
83,1019,2003,Asia,2023-12-16,3,1238.82,0.1,None
84,1017,2024,Africa,2023-11-28,2,842.82,0.0,10% Off
85,1008,2023,South America,2023-02-06,2,1617.59,0.2,20% Off
86,1003,2008,Asia,2023-11-08,1,651.8,0.0,20% Off
87,1003,2047,Europe,2023-11-22,1,1215.33,0.1,Free Shipping
88,1001,2037,South America,2023-03-29,4,845.44,0.1,20% Off
89,1005,2003,Europe,2023-10-01,1,1381.94,0.2,20% Off
90,1010,2033,Europe,2023-05-06,1,632.72,0.0,20% Off
91,1007,2028,North America,2023-03-25,1,544.87,0.1,20% Off
92,1009,2047,Africa,2023-08-25,1,1852.83,0.2,Free Shipping
93,1007,2008,South America,2023-07-14,4,383.25,0.0,10% Off
94,1009,2034,Europe,2023-05-19,1,1110.72,0.0,None
95,1008,2035,North America,2023-11-24,3,597.54,0.1,20% Off
96,1012,2032,Asia,2023-12-19,3,270.07,0.1,10% Off
97,1002,2024,South America,2023-10-13,3,264.83,0.0,20% Off
98,1001,2014,Europe,2023-04-23,3,515.4,0.0,20% Off
99,1016,2032,Africa,2023-12-17,1,1760.19,0.1,None
100,1005,2046,North America,2023-06-16,3,708.46,0.0,None
101,1003,2043,Europe,2023-01-29,1,1910.83,0.1,None
102,1012,2016,Africa,2023-04-28,4,1246.92,0.0,20% Off
103,1008,2004,Europe,2023-01-17,3,985.91,0.1,20% Off
104,1003,2037,South America,2023-06-11,2,1244.16,0.2,20% Off
105,1001,2021,South America,2023-07-25,3,1130.06,0.1,None
106,1003,2014,South America,2023-05-18,3,1565.8,0.1,Free Shipping
107,1005,2031,North America,2023-02-03,1,708.49,0.2,10% Off
108,1015,2048,South America,2023-04-19,3,835.49,0.0,Free Shipping
109,1014,2018,Africa,2023-10-18,2,1809.37,0.2,20% Off
110,1003,2007,Europe,2023-06-11,1,1903.62,0.1,20% Off
111,1001,2010,Asia,2023-04-19,1,1806.6,0.0,Free Shipping
112,1005,2007,Africa,2023-12-02,4,955.01,0.2,20% Off
113,1014,2033,Africa,2023-09-13,4,1604.66,0.0,10% Off
114,1007,2023,South America,2023-07-22,3,1057.4,0.0,20% Off
115,1009,2021,North America,2023-11-26,4,1095.57,0.2,10% Off
116,1015,2019,Europe,2023-08-23,4,568.42,0.0,Free Shipping
117,1015,2048,North America,2023-03-15,4,1264.03,0.2,Free Shipping
118,1010,2019,Europe,2023-05-16,1,535.04,0.1,20% Off
119,1013,2036,Europe,2023-03-13,1,796.82,0.0,10% Off
120,1019,2029,North America,2023-05-07,1,1739.05,0.1,20% Off
121,1007,2018,Africa,2023-10-15,4,572.74,0.1,None
122,1017,2002,Europe,2023-10-03,1,328.08,0.0,None
123,1020,2001,North America,2023-05-15,4,324.21,0.2,None
124,1004,2047,Europe,2023-10-27,1,1893.41,0.0,None
125,1005,2005,Asia,2023-08-08,1,1112.46,0.1,20% Off
126,1007,2020,Africa,2023-10-26,2,936.94,0.1,None
127,1013,2011,South America,2023-07-24,3,1659.58,0.2,10% Off
128,1015,2042,Europe,2023-07-05,4,1704.49,0.0,Free Shipping
129,1011,2002,Asia,2023-04-23,2,797.94,0.1,Free Shipping
130,1004,2003,South America,2023-03-12,1,1448.51,0.1,None
131,1013,2023,South America,2023-09-18,4,1588.02,0.1,None
132,1007,2012,Europe,2023-09-10,1,1378.37,0.2,None
133,1019,2020,North America,2023-02-16,3,472.87,0.1,20% Off
134,1002,2005,Europe,2023-01-25,2,1776.59,0.1,Free Shipping
135,1010,2037,Asia,2023-02-26,3,1170.37,0.0,None
136,1013,2038,South America,2023-03-20,2,708.45,0.0,10% Off
137,1006,2030,Europe,2023-11-18,1,965.41,0.1,None
138,1012,2009,North America,2023-03-23,3,267.63,0.1,Free Shipping
139,1012,2034,Europe,2023-12-15,3,430.16,0.0,None
140,1020,2044,Africa,2023-08-05,1,1577.98,0.2,Free Shipping
141,1011,2035,North America,2023-11-02,3,200.02,0.2,None
142,1007,2022,Asia,2023-02-02,4,949.82,0.2,10% Off
143,1001,2044,South America,2023-07-17,2,1140.52,0.2,None
144,1001,2024,Europe,2023-07-15,2,298.34,0.2,10% Off
145,1020,2017,North America,2023-11-02,2,1951.54,0.2,10% Off
146,1013,2010,Africa,2023-08-28,4,607.03,0.2,None
147,1009,2030,North America,2023-09-28,2,747.56,0.2,10% Off
148,1003,2046,Africa,2023-05-09,1,747.1,0.0,20% Off
149,1007,2023,Asia,2023-10-11,3,614.75,0.2,None
150,1006,2032,South America,2023-01-06,4,202.65,0.2,None
151,1008,2017,Asia,2023-12-15,2,1512.82,0.2,10% Off
152,1009,2050,Europe,2023-02-28,1,1940.32,0.1,10% Off
153,1005,2017,North America,2023-12-16,3,603.73,0.0,None
154,1001,2014,Africa,2023-10-02,3,1393.48,0.0,20% Off
155,1019,2009,Africa,2023-05-17,4,1535.41,0.0,10% Off
156,1010,2040,North America,2023-11-25,4,1727.17,0.2,10% Off
157,1012,2002,North America,2023-06-24,4,960.73,0.2,Free Shipping
158,1015,2045,Europe,2023-02-27,1,745.28,0.1,20% Off
159,1009,2025,Asia,2023-05-31,1,785.53,0.0,20% Off
160,1020,2039,Africa,2023-08-11,4,1482.72,0.2,None
161,1017,2009,Europe,2023-03-22,2,1670.2,0.0,20% Off
162,1017,2022,Asia,2023-08-21,3,526.91,0.1,None
163,1020,2043,Europe,2023-01-02,3,867.69,0.1,Free Shipping
164,1012,2046,Africa,2023-05-15,1,1823.49,0.1,20% Off
165,1007,2004,North America,2023-09-14,3,1652.05,0.0,10% Off
166,1002,2026,North America,2023-04-02,2,1972.75,0.2,Free Shipping
167,1003,2029,Asia,2023-09-17,3,1557.65,0.2,None
168,1017,2045,South America,2023-02-24,1,907.75,0.1,Free Shipping
169,1005,2034,Asia,2023-11-17,1,1263.15,0.2,None
170,1017,2023,South America,2023-06-02,2,1389.83,0.1,Free Shipping
171,1017,2037,Europe,2023-11-24,2,341.22,0.0,None
172,1017,2011,Europe,2023-09-17,3,1180.09,0.1,20% Off
173,1002,2006,Africa,2023-11-08,3,1476.78,0.0,10% Off
174,1002,2018,South America,2023-04-12,1,501.18,0.1,None
175,1005,2021,Africa,2023-03-20,2,1605.14,0.2,Free Shipping
176,1001,2042,North America,2023-07-11,2,1250.79,0.2,None
177,1001,2036,South America,2023-03-24,2,1914.0,0.1,None
178,1019,2041,Asia,2023-10-04,3,276.36,0.2,None
179,1002,2038,North America,2023-09-29,2,677.59,0.2,Free Shipping
180,1012,2034,North America,2023-01-01,1,1282.8,0.2,10% Off
181,1006,2017,Asia,2023-11-03,1,733.81,0.0,20% Off
182,1004,2037,North America,2023-06-15,3,1485.96,0.2,10% Off
183,1011,2025,South America,2023-09-08,4,1566.21,0.0,None
184,1017,2038,Africa,2023-01-10,3,384.53,0.1,Free Shipping
185,1006,2012,North America,2023-02-27,4,1124.94,0.2,10% Off
186,1005,2023,South America,2023-07-05,2,1116.0,0.2,None
187,1020,2042,Europe,2023-06-07,3,864.71,0.2,20% Off
188,1002,2022,South America,2023-05-03,1,1879.26,0.1,20% Off
189,1006,2021,Africa,2023-01-30,2,1689.51,0.0,20% Off
190,1011,2027,South America,2023-05-04,1,1454.98,0.0,None
191,1016,2031,Asia,2023-10-18,2,1485.79,0.2,Free Shipping
192,1016,2006,Africa,2023-02-10,3,1031.09,0.1,10% Off
193,1001,2027,Europe,2023-02-13,4,1857.79,0.1,20% Off
194,1009,2040,Asia,2023-09-06,2,1450.27,0.1,None
195,1006,2034,South America,2023-02-05,4,1512.17,0.1,None
196,1016,2012,Africa,2023-09-30,2,1751.04,0.1,10% Off
197,1003,2045,Europe,2023-03-06,1,693.33,0.0,20% Off
198,1020,2007,Asia,2023-03-07,1,1652.73,0.0,None
199,1004,2010,Europe,2023-12-04,2,551.43,0.0,10% Off
200,1019,2045,South America,2023-09-01,4,821.62,0.2,Free Shipping
201,1003,2017,Europe,2023-10-09,3,804.1,0.1,Free Shipping
202,1019,2026,North America,2023-03-26,3,1961.35,0.2,Free Shipping
203,1020,2021,Asia,2023-05-16,1,1741.77,0.1,20% Off
204,1007,2028,Europe,2023-09-28,3,1462.11,0.0,10% Off
205,1020,2046,South America,2023-11-07,1,1508.7,0.2,10% Off
206,1009,2002,South America,2023-08-05,3,1211.73,0.0,None
207,1001,2043,Europe,2023-04-19,2,1904.76,0.1,None
208,1008,2001,South America,2023-10-04,1,1093.27,0.1,None
209,1007,2036,Africa,2023-12-20,1,884.93,0.1,10% Off
210,1018,2026,Africa,2023-04-13,2,493.46,0.0,None
211,1008,2029,Africa,2023-06-09,1,1615.17,0.1,10% Off
212,1001,2021,North America,2023-07-24,3,1522.0,0.0,10% Off
213,1011,2011,Europe,2023-12-10,3,891.84,0.2,Free Shipping
214,1018,2040,North America,2023-11-29,1,245.35,0.1,None
215,1010,2011,South America,2023-07-11,3,1710.2,0.1,Free Shipping
216,1003,2036,North America,2023-08-13,4,220.55,0.1,20% Off
217,1007,2049,South America,2023-09-22,1,1466.66,0.2,20% Off
218,1016,2039,South America,2023-08-20,2,1946.46,0.1,20% Off
219,1016,2040,Asia,2023-03-03,4,987.79,0.0,10% Off
220,1020,2035,Africa,2023-05-07,1,622.95,0.0,10% Off
221,1017,2034,South America,2023-04-26,2,1468.77,0.1,10% Off
222,1002,2047,Asia,2023-02-02,3,1670.83,0.1,None
223,1001,2024,Africa,2023-06-23,2,1183.57,0.2,Free Shipping
224,1016,2022,South America,2023-01-11,4,1940.66,0.2,10% Off
225,1012,2005,South America,2023-10-29,3,293.0,0.2,Free Shipping
226,1005,2033,North America,2023-10-11,1,1108.63,0.1,Free Shipping
227,1005,2036,North America,2023-04-28,3,1493.22,0.2,Free Shipping
228,1009,2047,Africa,2023-10-29,1,1752.75,0.2,None
229,1009,2020,South America,2023-04-23,1,522.66,0.0,None
230,1003,2019,Europe,2023-01-04,2,1640.01,0.2,20% Off
231,1019,2035,North America,2023-02-06,2,1194.87,0.0,20% Off
232,1016,2043,Africa,2023-12-29,2,913.8,0.0,Free Shipping
233,1016,2017,South America,2023-11-20,4,437.09,0.2,20% Off
234,1003,2045,South America,2023-01-31,4,1757.53,0.0,Free Shipping
235,1020,2043,Europe,2023-04-28,2,483.09,0.1,None
236,1001,2034,Africa,2023-02-04,4,757.62,0.1,None
237,1020,2009,South America,2023-01-17,3,722.08,0.2,None
238,1011,2026,North America,2023-06-19,3,1768.55,0.1,10% Off
239,1017,2002,Europe,2023-02-06,4,1410.87,0.0,Free Shipping
240,1008,2009,Africa,2023-09-21,4,1634.03,0.1,None
241,1004,2009,Europe,2023-05-02,3,650.84,0.2,Free Shipping
242,1006,2040,North America,2023-05-23,1,1324.77,0.2,20% Off
243,1008,2017,Africa,2023-12-09,3,1229.14,0.0,20% Off
244,1020,2001,Europe,2023-09-06,3,1699.09,0.2,None
245,1003,2025,Asia,2023-04-20,4,1830.96,0.1,Free Shipping
246,1016,2043,North America,2023-10-04,3,221.88,0.2,None
247,1003,2040,North America,2023-03-09,4,1413.24,0.0,20% Off
248,1018,2042,North America,2023-10-20,4,293.3,0.2,None
249,1014,2025,Asia,2023-10-23,2,1187.95,0.1,Free Shipping
250,1018,2039,Asia,2023-08-31,3,717.74,0.0,20% Off
251,1002,2035,South America,2023-05-05,1,752.2,0.1,10% Off
252,1003,2003,Europe,2023-08-31,2,835.33,0.0,20% Off
253,1016,2050,South America,2023-07-28,4,1318.33,0.2,10% Off
254,1009,2037,Europe,2023-04-08,4,801.29,0.0,None
255,1004,2044,Asia,2023-02-18,1,1518.86,0.0,None
256,1001,2044,Asia,2023-02-19,4,928.15,0.2,Free Shipping
257,1004,2030,South America,2023-12-04,3,323.04,0.1,10% Off
258,1001,2038,Africa,2023-08-09,2,1610.77,0.2,None
259,1014,2034,South America,2023-07-01,4,714.36,0.0,10% Off
260,1016,2012,Europe,2023-08-05,4,978.98,0.2,None
261,1020,2019,South America,2023-07-30,1,1433.8,0.0,20% Off
262,1008,2037,North America,2023-08-28,3,798.42,0.2,None
263,1007,2044,Europe,2023-01-28,4,301.85,0.2,Free Shipping
264,1003,2049,Europe,2023-12-11,1,873.06,0.1,20% Off
265,1017,2017,Africa,2023-12-01,4,1900.01,0.0,Free Shipping
266,1001,2010,Asia,2023-11-27,1,1355.12,0.1,20% Off
267,1016,2049,Europe,2023-02-20,1,1408.66,0.0,10% Off
268,1012,2047,Asia,2023-02-01,3,1338.11,0.2,Free Shipping
269,1019,2012,South America,2023-07-26,4,558.19,0.0,None
270,1014,2016,North America,2023-06-23,3,953.0,0.1,10% Off
271,1006,2024,Africa,2023-02-25,1,1551.69,0.1,None
272,1006,2019,Asia,2023-05-08,2,382.47,0.1,20% Off
273,1013,2008,Europe,2023-04-09,4,700.13,0.0,20% Off
274,1019,2031,Asia,2023-04-08,2,697.37,0.1,None
275,1008,2021,Europe,2023-10-02,4,977.63,0.1,None
276,1002,2017,Asia,2023-08-18,3,1964.66,0.1,10% Off
277,1001,2023,Europe,2023-03-13,3,321.5,0.2,None
278,1015,2037,South America,2023-08-05,3,1133.66,0.2,Free Shipping
279,1001,2016,Europe,2023-04-04,3,522.86,0.0,Free Shipping
280,1005,2006,Europe,2023-05-23,3,1947.22,0.0,None
281,1016,2008,North America,2023-08-25,2,403.95,0.1,Free Shipping
282,1019,2025,Europe,2023-05-08,3,926.48,0.2,None
283,1004,2018,North America,2023-02-08,1,1528.19,0.1,10% Off
284,1003,2025,Africa,2023-08-15,1,1468.2,0.1,Free Shipping
285,1017,2012,North America,2023-10-09,2,960.91,0.2,Free Shipping
286,1017,2015,South America,2023-02-20,4,823.74,0.2,None
287,1012,2026,North America,2023-01-26,1,915.7,0.2,Free Shipping
288,1014,2041,Africa,2023-11-30,4,675.7,0.0,20% Off
289,1006,2045,South America,2023-10-04,2,569.6,0.0,10% Off
290,1003,2026,Asia,2023-01-08,4,1069.47,0.1,10% Off
291,1009,2047,Asia,2023-02-17,4,683.36,0.0,Free Shipping
292,1005,2032,North America,2023-05-02,4,717.43,0.2,Free Shipping
293,1017,2010,North America,2023-03-27,4,1382.16,0.2,20% Off
294,1014,2016,Africa,2023-07-28,2,1943.37,0.0,20% Off
295,1003,2007,Africa,2023-09-06,1,1286.55,0.1,Free Shipping
296,1001,2017,Europe,2023-09-04,3,338.56,0.1,Free Shipping
297,1020,2023,Africa,2023-04-20,4,336.05,0.0,20% Off
298,1001,2026,Europe,2023-07-25,1,1912.56,0.1,None
299,1003,2021,South America,2023-01-31,1,735.12,0.1,20% Off
300,1018,2022,North America,2023-03-26,2,365.72,0.1,None
301,1010,2007,South America,2023-07-14,1,1278.28,0.2,10% Off
302,1003,2014,Africa,2023-01-02,2,1322.57,0.2,10% Off
303,1008,2015,South America,2023-07-19,4,1367.31,0.0,20% Off
304,1014,2007,South America,2023-05-16,4,681.32,0.2,None
305,1018,2009,South America,2023-08-21,3,227.2,0.1,20% Off
306,1015,2048,Africa,2023-05-27,3,1937.03,0.2,20% Off
307,1002,2008,South America,2023-08-05,3,651.61,0.0,None
308,1010,2050,Europe,2023-12-23,1,1416.85,0.2,20% Off
309,1002,2023,Africa,2023-10-12,4,1471.93,0.1,10% Off
310,1017,2029,South America,2023-12-05,2,1298.01,0.1,Free Shipping
311,1008,2018,Africa,2023-09-07,3,763.23,0.0,Free Shipping
312,1001,2031,Asia,2023-03-21,2,687.97,0.2,20% Off
313,1009,2030,Europe,2023-04-08,2,1275.8,0.2,None
314,1011,2039,South America,2023-06-01,3,1758.97,0.2,None
315,1016,2035,Asia,2023-04-22,4,1904.12,0.1,10% Off
316,1007,2018,Asia,2023-01-30,3,390.63,0.0,None
317,1010,2042,Africa,2023-10-24,2,478.69,0.2,None
318,1003,2039,Asia,2023-10-05,3,1900.53,0.1,10% Off
319,1018,2017,Europe,2023-02-01,2,1525.76,0.1,20% Off
320,1013,2014,Europe,2023-06-10,2,1789.39,0.1,Free Shipping
321,1007,2031,North America,2023-01-30,3,564.74,0.2,10% Off
322,1004,2024,Europe,2023-01-26,1,1257.65,0.2,20% Off
323,1013,2035,Asia,2023-10-27,3,1462.05,0.2,10% Off
324,1020,2044,Europe,2023-09-02,1,1424.2,0.2,20% Off
325,1001,2045,Africa,2023-09-15,2,934.67,0.2,10% Off
326,1008,2034,North America,2023-09-29,2,227.71,0.2,20% Off
327,1014,2003,Asia,2023-03-22,1,1249.27,0.2,10% Off
328,1016,2037,North America,2023-01-30,2,655.58,0.2,20% Off
329,1014,2043,Asia,2023-09-18,1,1010.46,0.2,10% Off
330,1012,2040,Africa,2023-02-11,1,1923.65,0.1,Free Shipping
331,1019,2026,North America,2023-04-06,2,918.26,0.2,Free Shipping
332,1015,2023,South America,2023-02-05,4,1711.64,0.0,None
333,1002,2044,Asia,2023-11-01,1,539.37,0.1,20% Off
334,1002,2039,South America,2023-02-04,3,1410.43,0.2,10% Off
335,1019,2015,North America,2023-12-12,3,1958.61,0.0,20% Off
336,1017,2049,South America,2023-05-01,2,383.41,0.2,Free Shipping
337,1020,2004,South America,2023-07-26,4,214.98,0.0,20% Off
338,1010,2029,North America,2023-03-03,2,980.45,0.0,10% Off
339,1006,2022,Africa,2023-10-19,4,366.73,0.0,20% Off
340,1015,2025,South America,2023-05-07,1,1547.09,0.0,10% Off
341,1011,2013,South America,2023-10-24,1,1846.19,0.1,Free Shipping
342,1005,2018,Africa,2023-11-01,1,981.24,0.1,Free Shipping
343,1001,2033,South America,2023-01-21,1,665.68,0.0,Free Shipping
344,1008,2016,South America,2023-11-14,3,981.93,0.2,None
345,1012,2045,South America,2023-02-11,3,1502.21,0.0,Free Shipping
346,1012,2042,Europe,2023-08-03,2,216.3,0.1,20% Off
347,1005,2044,Africa,2023-12-03,4,1261.02,0.2,None
348,1007,2002,South America,2023-10-26,1,1303.93,0.1,Free Shipping
349,1004,2035,Africa,2023-10-17,1,1347.84,0.1,20% Off
350,1006,2042,Asia,2023-09-25,4,635.64,0.2,20% Off
351,1013,2034,Asia,2023-06-11,4,1485.29,0.0,20% Off
352,1020,2030,South America,2023-05-14,2,364.5,0.0,10% Off
353,1015,2013,Africa,2023-04-15,4,558.69,0.0,None
354,1003,2013,Africa,2023-12-09,1,1779.45,0.0,20% Off
355,1008,2018,Africa,2023-06-10,1,1529.7,0.2,10% Off
356,1020,2032,Europe,2023-05-03,1,224.74,0.2,Free Shipping
357,1016,2032,Asia,2023-05-16,1,647.08,0.2,20% Off
358,1013,2035,Africa,2023-07-22,1,585.93,0.1,10% Off
359,1018,2039,Africa,2023-03-09,2,687.45,0.2,20% Off
360,1010,2046,Europe,2023-12-10,1,645.61,0.0,None
361,1019,2029,Europe,2023-11-27,2,312.55,0.1,None
362,1017,2049,Africa,2023-06-03,1,1026.09,0.0,Free Shipping
363,1019,2029,North America,2023-08-23,3,1518.92,0.0,20% Off
364,1005,2044,Africa,2023-06-11,3,1292.12,0.2,10% Off
365,1009,2016,Africa,2023-02-07,3,1411.17,0.2,Free Shipping
366,1012,2044,Europe,2023-01-05,3,346.07,0.0,20% Off
367,1001,2047,Europe,2023-08-23,2,1912.68,0.0,Free Shipping
368,1001,2010,Africa,2023-11-15,2,1709.29,0.1,10% Off
369,1015,2030,Africa,2023-10-16,4,1649.16,0.2,Free Shipping
370,1002,2025,Africa,2023-02-21,1,1681.37,0.1,Free Shipping
371,1016,2039,Europe,2023-02-07,3,1878.88,0.1,Free Shipping
372,1008,2020,Africa,2023-10-03,2,1179.66,0.1,20% Off
373,1013,2005,Africa,2023-04-20,1,560.51,0.0,10% Off
374,1001,2001,South America,2023-09-17,1,1310.21,0.1,None
375,1016,2030,North America,2023-05-16,2,1537.19,0.1,20% Off
376,1007,2049,Asia,2023-03-09,3,1528.25,0.0,None
377,1005,2003,North America,2023-06-28,4,1138.61,0.2,None
378,1003,2045,South America,2023-02-05,1,323.23,0.2,20% Off
379,1012,2014,Asia,2023-05-06,4,868.0,0.1,20% Off
380,1016,2030,Africa,2023-07-09,3,1857.38,0.0,10% Off
381,1019,2050,South America,2023-05-26,3,1252.01,0.2,10% Off
382,1005,2004,Africa,2023-03-22,4,1169.0,0.1,Free Shipping
383,1014,2018,Europe,2023-08-13,3,683.94,0.1,None
384,1005,2037,South America,2023-10-06,1,863.21,0.0,10% Off
385,1015,2025,Europe,2023-12-27,4,1811.62,0.1,Free Shipping
386,1017,2048,South America,2023-06-04,3,1399.63,0.2,10% Off
387,1014,2001,South America,2023-11-10,4,1617.3,0.0,20% Off
388,1020,2046,Europe,2023-12-01,1,1017.82,0.2,10% Off
389,1005,2015,Asia,2023-09-28,3,1334.44,0.2,None
390,1012,2009,North America,2023-01-05,1,647.09,0.2,10% Off
391,1016,2015,Africa,2023-12-08,3,1469.83,0.1,None
392,1016,2049,South America,2023-10-11,2,969.68,0.1,20% Off
393,1007,2024,Africa,2023-06-03,3,996.58,0.2,None
394,1004,2004,Europe,2023-12-06,4,1368.78,0.2,10% Off
395,1001,2012,Africa,2023-02-23,3,1885.31,0.0,Free Shipping
396,1005,2037,Europe,2023-03-10,1,315.21,0.0,20% Off
397,1010,2037,Africa,2023-05-16,1,1684.54,0.1,10% Off
398,1005,2043,North America,2023-03-01,3,726.29,0.1,20% Off
399,1004,2006,North America,2023-02-24,4,999.06,0.0,20% Off
400,1002,2039,North America,2023-10-11,2,239.44,0.2,10% Off
401,1020,2046,North America,2023-03-21,4,741.88,0.1,10% Off
402,1010,2024,North America,2023-05-20,2,1104.74,0.2,Free Shipping
403,1019,2011,North America,2023-05-25,1,301.12,0.0,20% Off
404,1001,2013,Europe,2023-11-06,4,1083.97,0.1,20% Off
405,1005,2034,South America,2023-04-18,2,1868.8,0.1,10% Off
406,1013,2025,Africa,2023-06-25,3,389.71,0.0,None
407,1004,2007,North America,2023-04-15,1,1575.99,0.1,10% Off
408,1016,2004,Europe,2023-12-18,3,937.41,0.0,20% Off
409,1016,2008,Europe,2023-11-21,1,1379.31,0.1,10% Off
410,1002,2020,Europe,2023-05-16,4,668.43,0.0,Free Shipping
411,1017,2029,South America,2023-09-16,4,487.09,0.1,None
412,1020,2045,Africa,2023-09-08,1,488.83,0.2,10% Off
413,1012,2046,South America,2023-05-09,1,326.89,0.2,Free Shipping
414,1018,2010,Asia,2023-01-27,1,534.16,0.2,20% Off
415,1003,2043,Europe,2023-02-17,4,1395.59,0.1,10% Off
416,1001,2034,Asia,2023-11-21,2,1787.04,0.1,20% Off
417,1001,2026,North America,2023-08-05,3,1665.43,0.2,Free Shipping
418,1019,2041,North America,2023-05-22,3,1433.24,0.2,20% Off
419,1011,2049,South America,2023-01-23,4,398.78,0.0,Free Shipping
420,1005,2003,Africa,2023-01-02,3,720.54,0.0,Free Shipping
421,1012,2006,Asia,2023-06-20,1,757.65,0.0,Free Shipping
422,1003,2005,Africa,2023-03-08,2,649.92,0.2,10% Off
423,1001,2005,South America,2023-11-23,3,1127.01,0.2,20% Off
424,1001,2047,North America,2023-05-15,2,1164.0,0.2,20% Off
425,1008,2023,Africa,2023-03-24,1,842.39,0.0,None
426,1010,2049,Africa,2023-08-15,3,836.82,0.1,None
427,1011,2009,North America,2023-10-10,4,1691.4,0.2,None
428,1012,2035,Asia,2023-12-28,2,1620.73,0.1,None
429,1013,2020,North America,2023-08-07,1,754.03,0.1,20% Off
430,1012,2049,Africa,2023-10-15,2,1844.82,0.1,Free Shipping
431,1014,2042,Asia,2023-01-05,3,1915.07,0.0,Free Shipping
432,1002,2035,Asia,2023-02-27,3,788.14,0.1,10% Off
433,1019,2050,North America,2023-02-08,4,837.96,0.2,Free Shipping
434,1018,2018,Africa,2023-12-20,1,1110.14,0.0,20% Off
435,1003,2017,South America,2023-03-18,1,1894.02,0.2,20% Off
436,1017,2024,Africa,2023-10-07,4,1777.37,0.2,20% Off
437,1008,2003,Europe,2023-01-19,4,384.62,0.0,10% Off
438,1010,2032,South America,2023-07-09,1,906.92,0.2,None
439,1002,2035,Asia,2023-10-26,2,1196.07,0.2,Free Shipping
440,1019,2038,South America,2023-10-10,2,1105.64,0.0,20% Off
441,1009,2013,Asia,2023-03-17,4,548.95,0.2,20% Off
442,1007,2047,Asia,2023-08-09,2,1745.87,0.1,None
443,1004,2025,South America,2023-03-07,1,1418.49,0.2,20% Off
444,1018,2009,Asia,2023-01-22,3,1708.24,0.1,Free Shipping
445,1013,2004,Asia,2023-06-07,3,1745.78,0.2,10% Off
446,1011,2014,Europe,2023-07-06,2,1547.04,0.0,20% Off
447,1004,2037,Africa,2023-01-21,4,990.58,0.0,Free Shipping
448,1004,2034,Africa,2023-07-03,4,1298.98,0.2,20% Off
449,1010,2011,Europe,2023-04-18,4,488.66,0.0,None
450,1005,2041,South America,2023-12-16,4,1412.56,0.2,20% Off
451,1009,2003,North America,2023-05-08,4,522.66,0.0,20% Off
452,1003,2028,North America,2023-12-08,2,1449.11,0.1,10% Off
453,1017,2029,North America,2023-02-22,3,613.28,0.2,None
454,1003,2009,Europe,2023-07-01,3,411.59,0.1,None
455,1016,2003,Europe,2023-10-14,2,497.51,0.1,10% Off
456,1004,2025,Asia,2023-07-28,4,203.59,0.2,20% Off
457,1018,2034,North America,2023-11-14,2,1493.73,0.1,Free Shipping
458,1017,2012,South America,2023-03-21,3,1518.32,0.2,None
459,1007,2042,South America,2023-05-02,1,1126.88,0.1,None
460,1005,2009,North America,2023-03-25,2,490.45,0.2,20% Off
461,1012,2015,North America,2023-04-01,4,350.4,0.2,20% Off
462,1017,2040,North America,2023-07-31,3,234.43,0.0,None
463,1013,2025,Europe,2023-01-13,3,498.35,0.2,20% Off
464,1003,2005,Europe,2023-04-02,3,1803.54,0.2,Free Shipping
465,1009,2011,Europe,2023-06-20,3,634.77,0.1,None
466,1017,2034,Africa,2023-07-30,4,837.69,0.2,Free Shipping
467,1017,2024,South America,2023-12-09,1,389.62,0.0,Free Shipping
468,1020,2015,South America,2023-05-08,3,600.25,0.1,20% Off
469,1016,2038,Asia,2023-05-17,2,1134.6,0.1,Free Shipping
470,1013,2008,Europe,2023-03-23,1,1293.95,0.0,20% Off
471,1019,2005,Africa,2023-12-26,3,641.63,0.1,10% Off
472,1017,2048,Africa,2023-02-25,1,303.92,0.1,20% Off
473,1004,2026,South America,2023-07-15,2,903.86,0.1,Free Shipping
474,1012,2018,Europe,2023-01-20,3,621.57,0.1,10% Off
475,1009,2006,Asia,2023-08-29,2,595.2,0.0,20% Off
476,1019,2037,Europe,2023-04-24,4,1927.75,0.0,Free Shipping
477,1012,2048,North America,2023-04-13,3,1309.34,0.1,None
478,1009,2013,Europe,2023-08-24,3,1202.38,0.1,None
479,1007,2028,North America,2023-06-29,3,948.4,0.0,20% Off
480,1014,2005,North America,2023-06-06,3,972.1,0.0,20% Off
481,1020,2013,Asia,2023-04-27,4,1173.63,0.0,None
482,1019,2017,South America,2023-04-25,3,1453.57,0.1,Free Shipping
483,1015,2050,Europe,2023-01-13,1,1463.86,0.1,Free Shipping
484,1016,2040,North America,2023-12-04,3,509.05,0.2,Free Shipping
485,1005,2045,Europe,2023-04-09,4,1100.2,0.0,20% Off
486,1003,2032,South America,2023-07-24,3,941.52,0.1,10% Off
487,1012,2029,South America,2023-06-18,1,1766.95,0.0,10% Off
488,1020,2003,Africa,2023-05-23,4,1336.55,0.1,10% Off
489,1004,2040,South America,2023-02-05,4,1158.51,0.0,10% Off
490,1016,2034,Asia,2023-05-23,1,407.71,0.1,10% Off
491,1007,2040,North America,2023-06-29,1,1290.15,0.2,20% Off
492,1013,2027,Africa,2023-11-25,1,410.97,0.2,20% Off
493,1010,2013,Asia,2023-09-18,1,806.97,0.0,10% Off
494,1007,2045,Europe,2023-07-24,1,457.12,0.1,20% Off
495,1014,2033,North America,2023-12-14,4,1445.73,0.1,20% Off
496,1005,2006,South America,2023-10-02,4,571.25,0.0,10% Off
497,1003,2024,North America,2023-06-19,3,905.35,0.1,Free Shipping
498,1011,2019,Europe,2023-01-15,3,1812.21,0.0,20% Off
499,1011,2016,Africa,2023-03-01,2,567.77,0.1,Free Shipping
500,1018,2040,Africa,2023-05-14,3,1114.05,0.0,20% Off
501,1015,2028,Africa,2023-04-02,3,954.69,0.1,20% Off
502,1012,2033,South America,2023-10-25,1,232.62,0.0,10% Off
503,1009,2048,Asia,2023-05-16,1,1626.96,0.1,20% Off
504,1010,2041,Asia,2023-01-20,3,324.28,0.2,None
505,1012,2013,North America,2023-02-25,2,1053.66,0.1,None
506,1017,2043,South America,2023-11-02,1,1209.22,0.0,10% Off
507,1006,2045,Africa,2023-08-11,3,1331.17,0.2,Free Shipping
508,1007,2025,Africa,2023-06-26,3,1439.54,0.1,Free Shipping
509,1014,2042,Europe,2023-06-10,4,655.89,0.2,Free Shipping
510,1013,2036,Europe,2023-08-12,2,217.96,0.1,None
511,1008,2027,Africa,2023-11-07,4,1502.2,0.2,Free Shipping
512,1010,2038,Africa,2023-09-19,2,1164.18,0.0,Free Shipping
513,1009,2007,South America,2023-03-01,1,1705.01,0.1,10% Off
514,1018,2005,Asia,2023-07-17,2,1678.5,0.1,Free Shipping
515,1002,2043,Europe,2023-10-23,3,1717.99,0.0,None
516,1005,2045,Asia,2023-04-08,3,1073.17,0.2,None
517,1005,2031,South America,2023-05-11,2,800.53,0.0,None
518,1006,2023,Africa,2023-01-23,2,1624.8,0.0,10% Off
519,1019,2042,Asia,2023-12-29,2,1012.33,0.2,10% Off
520,1008,2010,Africa,2023-08-12,4,530.2,0.0,20% Off
521,1016,2032,Africa,2023-01-01,2,1738.95,0.1,Free Shipping
522,1013,2043,North America,2023-09-24,1,1788.61,0.1,10% Off
523,1001,2030,Asia,2023-10-03,4,1039.36,0.1,None
524,1020,2039,Asia,2023-12-18,4,336.26,0.0,None
525,1017,2031,Africa,2023-12-10,2,898.09,0.1,10% Off
526,1007,2018,South America,2023-04-11,1,1646.37,0.1,10% Off
527,1013,2036,North America,2023-07-06,4,1823.19,0.1,10% Off
528,1004,2002,Africa,2023-08-09,3,566.25,0.1,20% Off
529,1004,2014,Europe,2023-02-05,4,320.55,0.1,None
530,1006,2013,Europe,2023-12-07,2,1779.23,0.1,20% Off
531,1019,2029,North America,2023-06-19,1,900.93,0.0,20% Off
532,1012,2012,South America,2023-11-16,2,1175.17,0.1,Free Shipping
533,1007,2039,Africa,2023-06-10,3,1942.52,0.1,None
534,1010,2002,Asia,2023-12-06,3,319.82,0.2,None
535,1019,2032,North America,2023-03-05,3,1366.97,0.0,10% Off
536,1007,2013,South America,2023-06-03,2,333.39,0.0,10% Off
537,1003,2046,Asia,2023-09-17,4,875.84,0.0,Free Shipping
538,1013,2027,Europe,2023-06-08,2,1646.87,0.0,20% Off
539,1013,2049,Europe,2023-12-08,1,980.25,0.1,10% Off
540,1018,2041,Asia,2023-07-29,4,1994.93,0.1,10% Off
541,1020,2017,North America,2023-06-17,3,1206.31,0.2,None
542,1008,2040,Europe,2023-07-26,2,778.09,0.2,None
543,1009,2031,Africa,2023-12-23,3,596.2,0.0,10% Off
544,1007,2034,Asia,2023-06-01,3,830.94,0.2,None
545,1001,2024,Asia,2023-10-11,1,870.56,0.2,Free Shipping
546,1003,2045,Europe,2023-03-07,4,323.68,0.0,10% Off
547,1013,2035,North America,2023-04-09,1,865.23,0.0,None
548,1017,2048,Africa,2023-08-04,1,1035.63,0.2,Free Shipping
549,1001,2006,North America,2023-12-07,1,1500.93,0.1,None
550,1006,2019,South America,2023-07-14,3,1382.11,0.2,None
551,1006,2030,South America,2023-12-13,1,1475.78,0.2,None
552,1012,2007,Europe,2023-03-31,1,215.05,0.1,10% Off
553,1013,2010,Europe,2023-11-12,4,591.8,0.1,20% Off
554,1013,2041,Europe,2023-10-19,4,1391.03,0.0,None
555,1015,2032,South America,2023-06-04,1,1071.18,0.0,Free Shipping
556,1016,2034,North America,2023-07-27,4,209.56,0.2,10% Off
557,1011,2028,North America,2023-10-08,4,1648.09,0.1,10% Off
558,1005,2015,Europe,2023-01-01,1,1591.06,0.0,Free Shipping
559,1004,2030,Africa,2023-06-05,3,1187.15,0.2,None
560,1003,2037,North America,2023-05-27,1,319.63,0.1,20% Off
561,1019,2029,South America,2023-04-18,4,1579.73,0.2,None
562,1020,2022,Asia,2023-08-09,3,1250.68,0.0,Free Shipping
563,1018,2004,Asia,2023-10-24,2,1607.53,0.0,10% Off
564,1015,2020,Asia,2023-11-07,3,1553.14,0.1,20% Off
565,1009,2032,Africa,2023-12-02,4,1645.4,0.2,10% Off
566,1017,2036,Europe,2023-06-14,3,1132.41,0.1,Free Shipping
567,1014,2050,South America,2023-08-27,1,452.58,0.0,None
568,1015,2004,Africa,2023-08-15,2,1408.08,0.0,20% Off
569,1001,2027,South America,2023-08-15,2,1316.85,0.2,10% Off
570,1003,2017,South America,2023-12-12,2,1536.06,0.2,10% Off
571,1016,2012,Europe,2023-04-20,4,505.79,0.2,10% Off
572,1011,2022,Asia,2023-09-19,4,550.96,0.1,None
573,1012,2017,Europe,2023-08-31,2,1802.74,0.2,20% Off
574,1010,2010,Africa,2023-03-28,3,1549.96,0.2,None
575,1016,2001,Africa,2023-12-04,2,1834.81,0.0,None
576,1008,2022,Africa,2023-02-13,3,1565.69,0.0,None
577,1006,2026,Europe,2023-05-26,3,1274.88,0.2,Free Shipping
578,1012,2018,South America,2023-09-21,4,1377.44,0.2,Free Shipping
579,1008,2050,South America,2023-12-06,3,1800.43,0.0,Free Shipping
580,1004,2014,North America,2023-11-21,2,1241.85,0.2,20% Off
581,1008,2047,Africa,2023-11-14,4,1338.3,0.1,None
582,1018,2029,South America,2023-06-21,1,481.66,0.1,None
583,1005,2012,North America,2023-02-17,1,1053.06,0.1,Free Shipping
584,1009,2036,South America,2023-05-01,4,1489.51,0.2,None
585,1004,2035,Africa,2023-12-11,2,687.7,0.0,None
586,1017,2012,Asia,2023-06-08,1,564.06,0.2,10% Off
587,1009,2007,Africa,2023-04-26,1,764.89,0.2,None
588,1001,2029,Europe,2023-04-12,3,634.7,0.0,10% Off
589,1020,2011,South America,2023-03-17,3,586.84,0.0,None
590,1013,2033,South America,2023-01-13,2,964.73,0.0,20% Off
591,1016,2006,Europe,2023-01-24,4,1834.11,0.1,Free Shipping
592,1013,2047,Europe,2023-05-06,2,1112.71,0.2,10% Off
593,1014,2015,Asia,2023-09-01,4,538.26,0.0,Free Shipping
594,1003,2032,South America,2023-11-09,1,338.55,0.2,10% Off
595,1006,2011,South America,2023-02-07,3,1453.08,0.1,10% Off
596,1018,2023,Asia,2023-08-22,2,889.04,0.1,10% Off
597,1019,2026,North America,2023-08-01,2,1679.3,0.0,20% Off
598,1005,2034,Asia,2023-11-19,4,1387.12,0.0,None
599,1015,2046,Africa,2023-10-22,4,1633.23,0.2,10% Off
600,1002,2034,South America,2023-04-10,2,689.5,0.0,20% Off
601,1010,2029,Europe,2023-12-23,4,1446.25,0.2,10% Off
602,1018,2004,Africa,2023-07-16,2,675.31,0.0,None
603,1013,2017,South America,2023-09-11,2,1890.32,0.2,10% Off
604,1005,2035,Asia,2023-07-24,2,1345.47,0.2,20% Off
605,1001,2013,Africa,2023-05-05,1,784.12,0.2,None
606,1001,2041,South America,2023-03-17,4,685.12,0.2,20% Off
607,1018,2039,North America,2023-12-02,3,543.67,0.1,None
608,1015,2015,North America,2023-12-19,3,1450.35,0.2,None
609,1017,2029,Europe,2023-01-03,4,593.69,0.0,Free Shipping
610,1011,2029,South America,2023-02-24,2,1271.55,0.1,Free Shipping
611,1017,2011,North America,2023-08-06,3,676.34,0.1,Free Shipping
612,1013,2032,Asia,2023-04-23,3,1391.54,0.2,None
613,1001,2002,South America,2023-04-01,4,1666.89,0.1,10% Off
614,1002,2047,Asia,2023-12-23,3,1600.45,0.2,20% Off
615,1009,2014,Asia,2023-09-23,2,1569.53,0.0,20% Off
616,1003,2020,North America,2023-08-26,4,537.9,0.2,20% Off
617,1001,2022,South America,2023-01-26,2,359.09,0.1,Free Shipping
618,1016,2011,Africa,2023-10-13,3,1458.11,0.0,None
619,1006,2027,North America,2023-05-08,3,863.02,0.2,Free Shipping
620,1017,2003,North America,2023-03-04,2,978.22,0.0,10% Off
621,1005,2017,South America,2023-08-22,1,256.07,0.0,None
622,1005,2044,South America,2023-03-10,3,667.24,0.1,20% Off
623,1006,2028,Asia,2023-08-26,1,260.62,0.0,Free Shipping
624,1003,2029,South America,2023-12-08,3,1782.53,0.1,Free Shipping
625,1005,2021,Asia,2023-09-29,1,638.11,0.0,10% Off
626,1005,2047,North America,2023-10-14,1,1203.21,0.2,10% Off
627,1010,2016,Europe,2023-11-01,1,270.16,0.0,Free Shipping
628,1010,2037,Africa,2023-06-12,2,1400.33,0.2,10% Off
629,1019,2020,North America,2023-08-15,1,781.45,0.2,20% Off
630,1017,2006,South America,2023-11-10,1,1816.25,0.0,10% Off
631,1014,2019,Africa,2023-09-16,1,1798.61,0.2,10% Off
632,1009,2005,Europe,2023-08-07,3,785.52,0.0,Free Shipping
633,1014,2003,Europe,2023-10-08,1,1821.73,0.0,Free Shipping
634,1001,2001,Asia,2023-08-17,3,1993.08,0.2,None
635,1019,2038,Africa,2023-03-23,1,1685.75,0.2,None
636,1013,2015,Asia,2023-09-01,1,1720.77,0.1,Free Shipping
637,1013,2034,North America,2023-08-19,2,648.22,0.2,10% Off
638,1004,2035,Africa,2023-05-13,3,1238.06,0.1,10% Off
639,1001,2049,North America,2023-05-07,1,321.06,0.2,None
640,1017,2025,Asia,2023-11-23,3,370.85,0.0,None
641,1008,2024,Africa,2023-05-22,3,1998.01,0.2,None
642,1002,2012,Asia,2023-09-24,4,787.95,0.0,20% Off
643,1008,2018,Africa,2023-09-06,2,1546.73,0.0,20% Off
644,1007,2015,Asia,2023-11-17,2,1652.0,0.0,None
645,1002,2044,Europe,2023-05-03,2,1744.44,0.1,10% Off
646,1003,2016,Asia,2023-05-21,4,1995.73,0.2,None
647,1018,2027,Europe,2023-08-14,4,634.69,0.0,20% Off
648,1012,2008,Asia,2023-02-09,2,272.63,0.0,10% Off
649,1001,2046,Africa,2023-05-27,4,940.14,0.1,20% Off
650,1012,2025,Africa,2023-05-01,4,434.15,0.2,10% Off
651,1005,2017,Africa,2023-05-20,4,240.37,0.2,20% Off
652,1017,2029,South America,2023-06-21,2,848.77,0.1,10% Off
653,1016,2008,North America,2023-06-13,2,1610.73,0.1,10% Off
654,1015,2015,Africa,2023-10-04,2,1219.13,0.2,10% Off
655,1015,2027,Europe,2023-02-11,4,763.0,0.1,10% Off
656,1005,2046,Africa,2023-03-12,2,1377.82,0.2,Free Shipping
657,1014,2050,South America,2023-03-19,4,617.63,0.2,20% Off
658,1002,2007,Europe,2023-04-29,1,225.89,0.0,20% Off
659,1011,2003,South America,2023-07-16,4,1575.84,0.0,Free Shipping
660,1019,2029,Europe,2023-12-22,3,1322.74,0.2,10% Off
661,1007,2044,Asia,2023-03-20,2,1572.14,0.2,10% Off
662,1006,2024,North America,2023-12-28,2,270.09,0.2,20% Off
663,1002,2003,North America,2023-04-20,3,1706.82,0.2,Free Shipping
664,1006,2020,South America,2023-02-02,4,1315.15,0.2,10% Off
665,1018,2046,North America,2023-08-01,1,1214.11,0.2,10% Off
666,1002,2015,South America,2023-07-28,3,1324.31,0.1,10% Off
667,1018,2025,South America,2023-06-19,3,1755.98,0.2,None
668,1015,2030,South America,2023-10-05,4,1256.49,0.1,Free Shipping
669,1019,2014,North America,2023-08-27,2,1245.71,0.1,10% Off
670,1002,2007,South America,2023-08-01,4,1983.22,0.2,None
671,1020,2017,North America,2023-02-01,3,1562.11,0.2,Free Shipping
672,1006,2044,South America,2023-04-16,3,996.13,0.1,10% Off
673,1001,2020,Africa,2023-08-04,2,1473.31,0.1,20% Off
674,1015,2036,South America,2023-07-19,2,900.61,0.2,None
675,1010,2009,Europe,2023-10-27,2,611.98,0.2,None
676,1019,2038,South America,2023-12-23,4,1274.33,0.1,10% Off
677,1017,2048,Asia,2023-01-11,2,1870.73,0.1,10% Off
678,1005,2022,South America,2023-10-22,3,1872.45,0.1,None
679,1004,2002,Europe,2023-07-14,3,815.43,0.0,20% Off
680,1010,2024,Europe,2023-09-02,1,1149.82,0.1,20% Off
681,1017,2008,North America,2023-01-04,4,580.94,0.0,Free Shipping
682,1010,2011,Africa,2023-06-30,1,1992.14,0.2,10% Off
683,1017,2013,South America,2023-06-02,3,1966.01,0.2,20% Off
684,1020,2017,North America,2023-07-19,1,1369.12,0.1,Free Shipping
685,1005,2008,Africa,2023-08-03,3,1647.95,0.2,20% Off
686,1002,2021,South America,2023-10-03,1,1487.18,0.2,10% Off
687,1006,2018,Asia,2023-10-07,2,1267.68,0.2,Free Shipping
688,1002,2030,South America,2023-11-05,1,296.03,0.2,Free Shipping
689,1013,2018,Europe,2023-04-23,2,1018.58,0.0,Free Shipping
690,1011,2046,Europe,2023-09-07,2,1414.62,0.0,20% Off
691,1011,2047,Asia,2023-04-23,4,1419.56,0.1,10% Off
692,1016,2031,North America,2023-05-20,2,871.62,0.1,Free Shipping
693,1011,2038,Africa,2023-08-12,2,1895.05,0.1,None
694,1019,2032,South America,2023-09-06,1,501.24,0.2,10% Off
695,1015,2011,Europe,2023-01-15,3,1100.65,0.2,None
696,1016,2045,North America,2023-07-19,4,1443.59,0.0,None
697,1011,2025,Asia,2023-06-22,2,1454.84,0.0,Free Shipping
698,1016,2033,Europe,2023-12-09,4,1367.55,0.1,Free Shipping
699,1008,2038,Asia,2023-12-14,1,695.52,0.0,20% Off
700,1004,2041,South America,2023-07-27,2,481.17,0.0,20% Off
701,1008,2008,Africa,2023-03-26,1,1344.69,0.0,20% Off
702,1004,2011,Europe,2023-08-28,4,1278.74,0.0,10% Off
703,1003,2022,Europe,2023-03-07,1,522.84,0.0,20% Off
704,1003,2024,South America,2023-11-15,4,1469.25,0.1,None
705,1018,2041,North America,2023-10-01,1,1019.31,0.1,20% Off
706,1019,2017,Africa,2023-01-14,4,1401.97,0.0,Free Shipping
707,1019,2012,Europe,2023-07-21,3,1707.26,0.1,20% Off
708,1005,2046,Africa,2023-10-31,1,505.51,0.2,10% Off
709,1018,2032,Europe,2023-10-16,1,234.46,0.0,10% Off
710,1010,2015,Africa,2023-12-06,3,1602.38,0.2,None
711,1006,2016,Asia,2023-01-14,3,1297.46,0.1,10% Off
712,1001,2022,Europe,2023-02-12,1,1459.35,0.1,20% Off
713,1005,2028,Africa,2023-11-26,3,1708.68,0.2,Free Shipping
714,1009,2020,North America,2023-08-08,2,1645.06,0.1,10% Off
715,1012,2033,Asia,2023-03-11,4,1929.66,0.0,None
716,1014,2010,Asia,2023-08-25,4,1164.68,0.2,20% Off
717,1002,2040,North America,2023-04-04,4,1079.29,0.0,None
718,1017,2032,Africa,2023-01-26,2,923.4,0.2,10% Off
719,1014,2050,South America,2023-05-14,3,476.64,0.1,10% Off
720,1013,2033,North America,2023-07-14,3,1230.69,0.2,None
721,1009,2002,Africa,2023-06-17,1,698.62,0.2,20% Off
722,1015,2033,North America,2023-04-19,3,1858.35,0.0,10% Off
723,1015,2033,North America,2023-08-21,1,1249.74,0.1,Free Shipping
724,1011,2041,Europe,2023-06-17,2,1267.11,0.0,10% Off
725,1016,2013,Africa,2023-06-22,4,838.86,0.1,20% Off
726,1017,2030,South America,2023-07-14,4,293.58,0.0,10% Off
727,1004,2033,Europe,2023-05-23,4,257.14,0.2,None
728,1001,2013,North America,2023-08-04,3,962.0,0.0,10% Off
729,1008,2026,North America,2023-05-10,1,352.22,0.1,10% Off
730,1017,2022,North America,2023-02-11,1,1292.32,0.1,20% Off
731,1003,2039,Africa,2023-08-29,2,1785.75,0.2,None
732,1020,2002,Africa,2023-01-10,3,1789.25,0.1,20% Off
733,1015,2038,Europe,2023-10-04,2,1386.28,0.0,10% Off
734,1015,2039,South America,2023-01-27,1,580.22,0.2,Free Shipping
735,1014,2026,Europe,2023-06-29,1,1753.39,0.1,10% Off
736,1014,2046,Asia,2023-04-25,4,1794.97,0.1,20% Off
737,1002,2050,North America,2023-11-29,3,553.98,0.0,Free Shipping
738,1013,2015,North America,2023-02-05,1,1527.37,0.0,20% Off
739,1014,2034,North America,2023-11-30,4,715.74,0.2,20% Off
740,1019,2042,Europe,2023-01-21,3,1644.75,0.1,None
741,1007,2044,Europe,2023-01-16,2,1995.03,0.0,Free Shipping
742,1003,2049,North America,2023-05-07,3,254.05,0.2,10% Off
743,1015,2040,Europe,2023-04-13,3,1815.26,0.1,20% Off
744,1014,2011,Africa,2023-01-11,1,1320.73,0.1,10% Off
745,1011,2003,Africa,2023-11-15,1,1952.09,0.2,None
746,1015,2006,Europe,2023-03-20,3,1037.02,0.2,None
747,1013,2009,North America,2023-05-03,1,1725.3,0.0,Free Shipping
748,1018,2006,Europe,2023-03-06,1,312.31,0.1,None
749,1006,2009,Europe,2023-08-31,1,803.5,0.1,None
750,1003,2039,Europe,2023-12-09,4,320.63,0.1,10% Off
751,1019,2031,Asia,2023-02-28,4,1955.62,0.2,None
752,1015,2032,Africa,2023-10-16,3,1670.55,0.0,None
753,1005,2041,South America,2023-04-22,1,1734.59,0.1,20% Off
754,1010,2050,South America,2023-08-27,4,1888.34,0.2,None
755,1007,2012,Asia,2023-12-25,3,353.19,0.1,20% Off
756,1017,2008,Europe,2023-05-12,1,894.08,0.0,None
757,1007,2008,Asia,2023-07-08,2,327.86,0.1,None
758,1012,2050,Asia,2023-03-27,1,579.43,0.0,Free Shipping
759,1017,2028,North America,2023-11-07,1,612.86,0.0,Free Shipping
760,1013,2020,Africa,2023-11-07,4,1044.39,0.1,20% Off
761,1020,2047,South America,2023-02-28,3,683.41,0.1,None
762,1004,2007,Europe,2023-03-25,3,381.76,0.0,10% Off
763,1010,2011,South America,2023-06-09,4,501.48,0.2,Free Shipping
764,1003,2020,South America,2023-02-25,1,465.1,0.0,10% Off
765,1009,2016,Africa,2023-10-24,2,1951.54,0.1,Free Shipping
766,1013,2004,South America,2023-01-14,1,1566.73,0.1,Free Shipping
767,1018,2006,South America,2023-06-09,1,1941.97,0.2,None
768,1015,2022,Asia,2023-10-22,2,991.53,0.0,Free Shipping
769,1004,2026,Africa,2023-12-13,4,701.06,0.0,10% Off
770,1015,2003,North America,2023-07-12,3,1636.93,0.0,Free Shipping
771,1002,2041,Europe,2023-07-23,4,787.26,0.1,20% Off
772,1015,2042,South America,2023-04-12,4,738.89,0.0,None
773,1008,2014,Europe,2023-02-08,1,618.51,0.2,None
774,1008,2011,North America,2023-10-31,3,433.42,0.1,20% Off
775,1017,2018,Europe,2023-12-20,3,661.63,0.1,20% Off
776,1012,2012,North America,2023-11-18,4,839.58,0.0,20% Off
777,1019,2023,Asia,2023-05-05,2,1413.19,0.2,Free Shipping
778,1010,2012,South America,2023-02-22,4,312.62,0.1,None
779,1009,2013,North America,2023-12-23,2,578.91,0.1,20% Off
780,1005,2025,Europe,2023-06-04,3,1656.24,0.0,Free Shipping
781,1006,2045,South America,2023-12-17,4,464.46,0.0,20% Off
782,1020,2019,Asia,2023-11-04,1,816.76,0.2,10% Off
783,1002,2046,South America,2023-03-03,4,1756.39,0.0,10% Off
784,1013,2036,North America,2023-10-17,3,478.87,0.2,None
785,1006,2045,Asia,2023-01-22,1,348.93,0.1,Free Shipping
786,1005,2008,Europe,2023-06-27,1,1072.17,0.2,10% Off
787,1001,2029,Asia,2023-09-30,2,744.36,0.2,10% Off
788,1006,2032,Asia,2023-08-08,1,1214.14,0.2,Free Shipping
789,1006,2044,Africa,2023-12-05,1,1646.85,0.1,20% Off
790,1016,2018,Asia,2023-07-09,4,446.87,0.0,Free Shipping
791,1004,2006,Asia,2023-02-05,3,1245.26,0.1,20% Off
792,1011,2018,South America,2023-09-17,2,1109.92,0.0,10% Off
793,1009,2019,Europe,2023-11-28,4,459.34,0.2,10% Off
794,1003,2022,South America,2023-06-24,1,1323.2,0.2,10% Off
795,1019,2037,South America,2023-01-07,1,692.55,0.2,None
796,1008,2032,North America,2023-08-04,2,1078.1,0.2,None
797,1005,2041,South America,2023-09-08,3,348.09,0.2,None
798,1004,2003,Africa,2023-02-24,2,1027.25,0.0,Free Shipping
799,1006,2028,Africa,2023-08-10,4,751.63,0.0,10% Off
800,1002,2010,North America,2023-07-05,2,1680.29,0.2,10% Off
801,1020,2035,Europe,2023-11-22,1,302.56,0.1,Free Shipping
802,1011,2029,Europe,2023-08-24,4,953.49,0.1,None
803,1004,2015,South America,2023-12-29,1,1025.18,0.2,Free Shipping
804,1015,2033,South America,2023-03-20,3,1505.01,0.0,None
805,1006,2007,South America,2023-08-11,1,1233.72,0.1,10% Off
806,1017,2012,Europe,2023-04-01,1,1400.98,0.1,20% Off
807,1006,2049,Asia,2023-09-25,2,1598.69,0.1,None
808,1019,2030,Africa,2023-11-30,1,1751.97,0.2,10% Off
809,1002,2021,Asia,2023-05-19,4,764.98,0.1,10% Off
810,1015,2031,Asia,2023-11-12,4,1168.44,0.1,20% Off
811,1011,2024,Europe,2023-10-03,3,1712.19,0.1,10% Off
812,1008,2020,Asia,2023-09-05,4,1981.01,0.1,10% Off
813,1019,2037,North America,2023-08-27,2,1801.13,0.0,None
814,1013,2004,South America,2023-08-12,3,868.64,0.2,None
815,1012,2028,North America,2023-10-31,4,551.3,0.2,20% Off
816,1005,2044,Africa,2023-05-18,2,1080.91,0.0,20% Off
817,1006,2020,South America,2023-06-15,4,1534.95,0.0,10% Off
818,1004,2024,Asia,2023-05-06,4,1086.62,0.2,None
819,1019,2050,Africa,2023-02-14,1,1069.73,0.1,20% Off
820,1020,2049,South America,2023-05-23,4,1708.81,0.1,20% Off
821,1001,2032,Asia,2023-08-19,4,850.53,0.2,Free Shipping
822,1020,2041,North America,2023-05-05,2,1747.63,0.1,20% Off
823,1017,2036,South America,2023-08-26,2,932.25,0.0,10% Off
824,1012,2034,Asia,2023-10-19,1,790.82,0.1,None
825,1015,2036,North America,2023-11-09,4,1017.18,0.1,20% Off
826,1001,2002,Africa,2023-12-09,1,1572.4,0.1,Free Shipping
827,1014,2015,Africa,2023-07-14,4,426.8,0.2,None
828,1006,2034,Africa,2023-06-22,3,553.55,0.0,20% Off
829,1005,2036,Africa,2023-01-15,3,1912.6,0.1,Free Shipping
830,1011,2006,Europe,2023-09-11,1,515.88,0.2,20% Off
831,1004,2039,South America,2023-06-16,1,1221.91,0.1,None
832,1013,2042,South America,2023-04-04,1,1242.77,0.0,None
833,1011,2012,Europe,2023-09-07,2,1081.32,0.1,None
834,1003,2003,Asia,2023-04-19,2,1360.54,0.0,10% Off
835,1001,2045,Asia,2023-07-01,2,613.69,0.1,20% Off
836,1006,2018,Africa,2023-05-13,1,1194.79,0.0,10% Off
837,1018,2040,North America,2023-06-24,4,869.91,0.1,None
838,1010,2021,Asia,2023-05-24,3,1391.0,0.0,Free Shipping
839,1005,2015,North America,2023-11-02,1,454.2,0.1,20% Off
840,1010,2033,South America,2023-12-26,2,1227.58,0.1,10% Off
841,1012,2035,North America,2023-05-22,2,533.49,0.2,20% Off
842,1002,2026,South America,2023-10-12,1,701.56,0.2,Free Shipping
843,1013,2008,Europe,2023-01-06,1,593.68,0.0,10% Off
844,1008,2036,Europe,2023-09-22,2,529.11,0.1,None
845,1002,2048,Africa,2023-04-08,4,1686.28,0.0,10% Off
846,1020,2030,Asia,2023-02-13,2,714.27,0.2,20% Off
847,1001,2023,Africa,2023-05-04,2,1868.82,0.0,20% Off
848,1005,2042,South America,2023-07-28,1,1945.87,0.0,20% Off
849,1009,2044,Africa,2023-09-08,4,1228.27,0.2,20% Off
850,1017,2014,North America,2023-10-12,2,457.4,0.1,None
851,1009,2014,South America,2023-05-04,2,874.19,0.0,10% Off
852,1011,2002,Europe,2023-12-20,3,1635.92,0.2,None
853,1015,2037,Asia,2023-09-01,1,861.3,0.1,None
854,1006,2005,South America,2023-11-27,3,356.63,0.2,None
855,1003,2038,South America,2023-12-31,3,1202.21,0.0,20% Off
856,1017,2045,North America,2023-09-09,2,1721.22,0.1,20% Off
857,1005,2041,Asia,2023-08-18,1,1632.67,0.1,20% Off
858,1012,2047,Europe,2023-01-09,4,515.22,0.2,10% Off
859,1018,2014,South America,2023-02-17,2,1410.98,0.2,Free Shipping
860,1014,2039,South America,2023-05-31,4,596.91,0.2,20% Off
861,1011,2025,North America,2023-04-24,4,592.77,0.1,10% Off
862,1009,2020,Africa,2023-07-27,1,1773.33,0.1,20% Off
863,1002,2002,Europe,2023-12-21,3,649.4,0.0,20% Off
864,1012,2039,Asia,2023-05-05,1,673.85,0.1,None
865,1003,2006,South America,2023-06-06,4,201.18,0.0,None
866,1003,2017,South America,2023-12-06,2,1767.2,0.2,None
867,1001,2025,Europe,2023-10-25,4,1626.67,0.2,10% Off
868,1008,2028,Africa,2023-07-08,2,1329.19,0.1,Free Shipping
869,1008,2002,South America,2023-08-31,2,1550.48,0.2,Free Shipping
870,1011,2035,Europe,2023-10-11,1,473.69,0.2,10% Off
871,1009,2037,North America,2023-09-29,4,1024.98,0.1,20% Off
872,1005,2005,Africa,2023-06-26,3,832.19,0.0,10% Off
873,1014,2001,Asia,2023-08-06,4,368.8,0.1,20% Off
874,1003,2040,South America,2023-10-09,4,1075.03,0.0,10% Off
875,1005,2012,Europe,2023-06-19,3,1857.33,0.1,10% Off
876,1005,2036,North America,2023-06-30,1,272.11,0.1,10% Off
877,1019,2045,Asia,2023-12-26,4,724.63,0.2,Free Shipping
878,1014,2023,Europe,2023-08-21,4,573.57,0.1,None
879,1004,2047,Europe,2023-05-19,2,628.66,0.1,10% Off
880,1013,2031,Asia,2023-06-06,4,1835.18,0.0,Free Shipping
881,1010,2011,North America,2023-05-09,3,1042.52,0.2,None
882,1018,2010,North America,2023-04-29,2,1039.34,0.0,None
883,1008,2003,Africa,2023-03-03,1,1569.04,0.0,10% Off
884,1008,2014,South America,2023-04-09,2,478.09,0.2,20% Off
885,1007,2016,Asia,2023-06-11,3,1077.08,0.2,20% Off
886,1008,2010,Asia,2023-03-03,3,973.97,0.2,20% Off
887,1014,2029,Asia,2023-10-02,2,1274.44,0.1,10% Off
888,1019,2010,North America,2023-12-20,1,1999.2,0.2,20% Off
889,1006,2012,South America,2023-04-05,2,1585.01,0.2,Free Shipping
890,1001,2030,Africa,2023-04-09,1,916.16,0.2,Free Shipping
891,1015,2041,Europe,2023-04-21,2,1689.6,0.0,Free Shipping
892,1001,2001,Europe,2023-09-05,3,507.28,0.0,Free Shipping
893,1017,2005,Asia,2023-05-22,4,254.83,0.1,None
894,1001,2020,South America,2023-10-29,4,568.01,0.0,Free Shipping
895,1015,2008,North America,2023-09-26,1,812.74,0.1,20% Off
896,1002,2043,South America,2023-11-02,1,1119.05,0.0,10% Off
897,1014,2012,South America,2023-05-25,1,1307.23,0.2,20% Off
898,1008,2001,North America,2023-02-21,3,1839.09,0.0,Free Shipping
899,1008,2020,Asia,2023-04-10,2,1117.74,0.1,None
900,1019,2028,South America,2023-06-01,3,1102.3,0.0,Free Shipping
901,1007,2043,Europe,2023-04-27,4,290.44,0.2,10% Off
902,1019,2037,North America,2023-07-04,1,262.84,0.1,20% Off
903,1006,2047,Africa,2023-04-02,2,1192.09,0.2,10% Off
904,1006,2037,Asia,2023-06-04,4,988.72,0.2,10% Off
905,1003,2012,North America,2023-01-08,4,1710.52,0.1,10% Off
906,1007,2037,Africa,2023-12-29,4,489.22,0.2,20% Off
907,1019,2049,Africa,2023-10-01,3,244.95,0.2,Free Shipping
908,1008,2049,South America,2023-03-06,1,1008.27,0.0,10% Off
909,1010,2044,South America,2023-05-21,4,627.46,0.2,20% Off
910,1020,2028,South America,2023-01-24,1,289.31,0.2,None
911,1015,2047,North America,2023-01-28,3,1504.28,0.2,20% Off
912,1015,2015,North America,2023-10-11,4,400.87,0.2,None
913,1001,2006,Asia,2023-05-30,3,1294.98,0.1,20% Off
914,1020,2044,South America,2023-12-24,3,705.89,0.0,Free Shipping
915,1007,2020,Africa,2023-03-06,1,512.29,0.2,10% Off
916,1004,2050,Europe,2023-11-23,4,883.55,0.2,Free Shipping
917,1006,2014,Asia,2023-09-09,3,1642.6,0.1,20% Off
918,1001,2002,North America,2023-02-22,4,905.77,0.2,10% Off
919,1005,2009,Asia,2023-01-07,1,1551.39,0.1,None
920,1001,2037,Asia,2023-10-21,3,425.88,0.0,20% Off
921,1004,2020,Asia,2023-05-26,1,1590.99,0.0,10% Off
922,1002,2026,Asia,2023-08-29,4,626.48,0.2,None
923,1010,2029,Europe,2023-09-03,4,1419.31,0.2,None
924,1005,2001,South America,2023-08-14,1,1218.41,0.2,Free Shipping
925,1010,2035,Africa,2023-06-24,2,1872.46,0.1,20% Off
926,1001,2006,Asia,2023-04-05,3,897.18,0.2,None
927,1006,2037,Asia,2023-01-27,4,319.1,0.2,10% Off
928,1013,2005,Asia,2023-05-10,4,234.48,0.0,None
929,1015,2033,South America,2023-09-02,3,1688.35,0.2,None
930,1004,2049,North America,2023-02-28,1,1144.52,0.0,Free Shipping
931,1013,2014,North America,2023-02-03,1,1595.44,0.2,Free Shipping
932,1020,2012,Europe,2023-07-25,1,621.97,0.0,10% Off
933,1015,2042,North America,2023-09-09,2,821.15,0.2,Free Shipping
934,1008,2020,Asia,2023-02-07,2,254.19,0.0,None
935,1005,2050,Asia,2023-10-23,4,1930.69,0.1,None
936,1015,2024,Asia,2023-11-19,1,1402.16,0.0,Free Shipping
937,1004,2043,Europe,2023-12-18,3,1879.77,0.0,None
938,1012,2034,Asia,2023-01-28,4,677.89,0.0,None
939,1013,2025,North America,2023-03-19,3,1300.63,0.2,10% Off
940,1002,2050,South America,2023-03-18,4,1421.3,0.2,Free Shipping
941,1019,2029,South America,2023-10-16,2,771.59,0.2,None
942,1019,2039,Africa,2023-06-05,4,1726.6,0.1,Free Shipping
943,1004,2031,North America,2023-02-13,2,1904.89,0.1,10% Off
944,1004,2047,Asia,2023-05-08,4,1792.74,0.0,Free Shipping
945,1011,2043,South America,2023-03-02,1,1530.32,0.1,None
946,1005,2050,North America,2023-10-13,3,699.44,0.0,Free Shipping
947,1020,2023,South America,2023-08-02,1,706.91,0.0,None
948,1011,2044,Asia,2023-11-07,4,1934.05,0.0,None
949,1010,2038,South America,2023-11-02,4,218.51,0.1,None
950,1008,2020,Africa,2023-11-13,4,1488.89,0.2,10% Off
951,1006,2023,Africa,2023-04-26,2,1471.24,0.1,Free Shipping
952,1006,2045,South America,2023-09-25,3,1320.84,0.0,10% Off
953,1008,2016,North America,2023-07-14,3,1982.2,0.0,Free Shipping
954,1015,2050,North America,2023-08-19,4,761.38,0.1,10% Off
955,1014,2042,North America,2023-08-15,4,811.95,0.0,20% Off
956,1011,2008,South America,2023-06-02,2,342.09,0.0,None
957,1012,2050,North America,2023-10-29,1,997.04,0.1,None
958,1013,2021,Asia,2023-08-08,1,669.89,0.1,10% Off
959,1008,2001,Africa,2023-06-06,3,818.1,0.1,20% Off
960,1018,2008,Asia,2023-10-19,2,1702.23,0.0,None
961,1001,2029,North America,2023-11-14,4,1883.87,0.0,Free Shipping
962,1015,2032,Asia,2023-01-31,3,534.32,0.2,10% Off
963,1008,2038,North America,2023-11-09,2,870.52,0.2,None
964,1011,2005,South America,2023-02-20,1,1871.54,0.1,None
965,1012,2047,Asia,2023-04-17,2,311.26,0.2,10% Off
966,1012,2022,South America,2023-11-17,1,366.25,0.0,10% Off
967,1004,2047,South America,2023-04-19,2,493.02,0.2,Free Shipping
968,1016,2034,Europe,2023-05-16,3,1271.38,0.0,Free Shipping
969,1004,2001,North America,2023-12-05,1,470.85,0.1,None
970,1005,2026,Africa,2023-02-11,3,1942.54,0.1,None
971,1005,2043,North America,2023-03-22,3,1004.09,0.0,10% Off
972,1008,2010,Africa,2023-05-03,1,1102.73,0.2,None
973,1010,2030,North America,2023-03-30,1,643.99,0.1,None
974,1017,2050,South America,2023-10-10,4,1047.73,0.1,10% Off
975,1009,2018,Asia,2023-02-08,4,1391.44,0.2,None
976,1019,2017,Asia,2023-03-22,4,1552.12,0.2,None
977,1014,2026,Europe,2023-01-02,3,1556.96,0.0,20% Off
978,1008,2008,Africa,2023-07-29,3,1240.2,0.2,Free Shipping
979,1009,2047,Africa,2023-08-19,4,1827.85,0.2,10% Off
980,1011,2040,Africa,2023-12-19,3,1671.33,0.2,20% Off
981,1001,2049,South America,2023-11-01,3,1562.69,0.0,Free Shipping
982,1014,2012,Africa,2023-08-29,1,300.09,0.0,Free Shipping
983,1005,2027,Asia,2023-05-30,1,212.38,0.1,Free Shipping
984,1014,2008,South America,2023-01-17,3,582.41,0.0,20% Off
985,1004,2025,North America,2023-04-29,4,1394.34,0.1,20% Off
986,1001,2046,Africa,2023-05-28,2,940.16,0.2,Free Shipping
987,1019,2004,Africa,2023-12-28,4,924.33,0.1,None
988,1008,2033,North America,2023-05-25,2,1792.26,0.1,None
989,1015,2001,Africa,2023-12-26,4,1812.01,0.2,20% Off
990,1015,2019,North America,2023-08-21,1,1836.52,0.1,20% Off
991,1009,2031,South America,2023-02-06,3,764.98,0.0,20% Off
992,1009,2016,Asia,2023-12-18,3,1443.9,0.0,Free Shipping
993,1010,2014,North America,2023-04-30,1,688.94,0.0,None
994,1020,2048,Europe,2023-05-16,2,543.1,0.0,20% Off
995,1009,2005,North America,2023-11-17,2,532.34,0.1,20% Off
996,1003,2041,Africa,2023-10-29,2,815.79,0.1,10% Off
997,1020,2026,South America,2023-12-05,1,973.92,0.2,Free Shipping
998,1011,2028,South America,2023-04-12,2,1695.71,0.1,10% Off
999,1006,2002,North America,2023-08-06,1,415.8,0.1,None
1000,1002,2050,Asia,2023-02-28,4,1522.87,0.1,10% Off
