order_id,customer_id,order_date,payment_method,total_amount
416925,22597,2025-01-18,Credit Card,596.62
793299,41452,2025-01-11,Cash,601.1
146642,77055,2025-01-06,Cash,324.3
955217,21151,2025-01-07,Digital Wallet,292.39
101101,71624,2025-01-16,Cash,41.88
972593,26070,2025-01-06,Cash,753.58
693435,93890,2025-01-18,Digital Wallet,87.04
768736,85893,2025-01-01,Credit Card,26.14
891739,98436,2025-01-04,Cash,2702.29
388605,60533,2025-01-03,Digital Wallet,6778.76
630796,65084,2025-01-18,Cash,1110.13
928581,95531,2025-01-08,Cash,1116.59
700243,42104,2025-01-03,Credit Card,1027.9
836473,76363,2025-01-05,Credit Card,2180.54
87654,60647,2025-01-02,Credit Card,101.9
242205,71215,2025-01-04,Cash,1110.65
78294,61880,2025-01-01,Cash,36.12
337491,39039,2025-01-14,Cash,69.76
784060,17411,2025-01-12,Credit Card,236.84
822576,28755,2025-01-18,Cash,2844.35
253864,13782,2025-01-15,Credit Card,209.28
307702,2640,2025-01-08,Cash,312.46
460177,41669,2025-01-17,Credit Card,522.2
194885,71624,2025-01-13,Cash,363.64
969050,67414,2025-01-09,Digital Wallet,1410.72
529406,45386,2025-01-17,Cash,100.74
304554,33164,2025-01-17,Cash,7253.75
24487,91901,2025-01-14,Cash,2311.74
907350,87241,2025-01-13,Cash,1740.45
145681,33164,2025-01-14,Cash,4644.19
119777,19894,2025-01-16,Credit Card,442.06
491637,50531,2025-01-12,Cash,295.79
746787,15232,2025-01-04,Digital Wallet,20.9
201545,85572,2025-01-09,Credit Card,3056.12
330885,77055,2025-01-10,Digital Wallet,224.62
335399,749,2025-01-16,Digital Wallet,1765.91
504094,46382,2025-01-13,Credit Card,4880.13
554295,44699,2025-01-07,Credit Card,3143.5
700492,80139,2025-01-08,Credit Card,3984.99
469905,73479,2025-01-08,Digital Wallet,1030.28
681894,41669,2025-01-09,Credit Card,1321.83
255328,7215,2025-01-03,Cash,223.1
96790,91901,2025-01-03,Cash,129.14
876758,51879,2025-01-10,Cash,1970.47
217741,9692,2025-01-10,Cash,194.2
558622,60562,2025-01-14,Credit Card,941.04
748996,87200,2025-01-06,Cash,159.32
975945,77055,2025-01-14,Cash,383.44
719575,74874,2025-01-18,Credit Card,4551.67
353677,87200,2025-01-16,Credit Card,21.93
797347,35143,2025-01-11,Cash,988.39
764486,2640,2025-01-02,Cash,90.22
763825,19411,2025-01-03,Credit Card,105.73
797852,30309,2025-01-06,Digital Wallet,2376.22
97230,70369,2025-01-07,Cash,279.11
853750,89420,2025-01-08,Cash,4005.45
322232,33164,2025-01-01,Credit Card,777.21
406254,4998,2025-01-15,Cash,1123.5
717738,23666,2025-01-17,Digital Wallet,522.74
433481,88824,2025-01-12,Credit Card,46.44
620175,29968,2025-01-02,Cash,44.53
806193,4842,2025-01-06,Cash,1762.62
875436,8831,2025-01-05,Cash,221.16
171542,6437,2025-01-05,Cash,71.65
957148,50708,2025-01-16,Cash,5765.04
941870,74874,2025-01-18,Digital Wallet,37.6
684169,88374,2025-01-16,Digital Wallet,69.8
249021,87200,2025-01-09,Credit Card,207.51
758245,82911,2025-01-13,Digital Wallet,2351.78
662351,4842,2025-01-03,Credit Card,946.3
436776,64995,2025-01-14,Cash,122.16
940317,89420,2025-01-07,Cash,520.91
725329,93890,2025-01-14,Cash,3634.86
213693,22597,2025-01-11,Digital Wallet,58.08
315636,33221,2025-01-18,Digital Wallet,44.48
787211,84575,2025-01-04,Cash,567.47
223583,27209,2025-01-16,Digital Wallet,1713.83
717371,25835,2025-01-15,Cash,1594.27
428094,85893,2025-01-12,Cash,40.48
882300,426,2025-01-03,Cash,821.86
715625,66677,2025-01-08,Credit Card,509.05
601163,33134,2025-01-18,Credit Card,1368.13
82657,50973,2025-01-16,Credit Card,556.85
76940,76065,2025-01-07,Credit Card,2326.17
875813,77734,2025-01-05,Digital Wallet,126.85
823858,45386,2025-01-11,Cash,834.49
927559,98157,2025-01-01,Cash,402.39
872038,89745,2025-01-16,Digital Wallet,8852.71
41326,21151,2025-01-11,Cash,1016.2
77449,89745,2025-01-10,Cash,1720.6
517444,23133,2025-01-09,Cash,2508.46
377385,47258,2025-01-04,Cash,15.76
243965,71215,2025-01-15,Digital Wallet,364.9
851281,36340,2025-01-08,Credit Card,1699.43
401586,18787,2025-01-06,Digital Wallet,54.0
984110,55902,2025-01-17,Cash,41.85
154344,42104,2025-01-16,Credit Card,177.13
880682,4842,2025-01-01,Credit Card,38.4
475806,94064,2025-01-06,Credit Card,34.92
354828,426,2025-01-14,Credit Card,60.9
682313,63117,2025-01-01,Credit Card,983.34
246058,77734,2025-01-06,Credit Card,344.63
774259,41909,2025-01-11,Cash,65.16
703784,17094,2025-01-01,Credit Card,157.05
578133,84575,2025-01-15,Digital Wallet,264.7
349910,55396,2025-01-06,Digital Wallet,609.85
481064,61703,2025-01-11,Digital Wallet,1039.84
894093,41669,2025-01-01,Credit Card,1593.17
645297,47602,2025-01-08,Cash,2177.06
933892,26070,2025-01-18,Cash,2840.22
202124,26070,2025-01-14,Cash,41.88
549839,75787,2025-01-06,Cash,576.21
676203,25835,2025-01-11,Credit Card,908.82
2979,2543,2025-01-02,Credit Card,192.38
135554,21989,2025-01-18,Digital Wallet,460.2
416181,19894,2025-01-07,Cash,666.72
958441,63117,2025-01-18,Digital Wallet,1499.13
973134,78893,2025-01-03,Credit Card,10.4
863090,60533,2025-01-08,Digital Wallet,366.78
820735,93384,2025-01-05,Digital Wallet,1989.07
14342,26070,2025-01-06,Credit Card,36.12
132106,49124,2025-01-17,Cash,335.32
744563,37346,2025-01-07,Credit Card,2690.53
337106,19411,2025-01-02,Digital Wallet,1837.49
301438,95534,2025-01-16,Cash,1400.56
150252,54174,2025-01-14,Cash,280.59
299211,80139,2025-01-17,Cash,898.49
818203,50708,2025-01-01,Cash,9604.11
115885,749,2025-01-06,Credit Card,423.95
212174,53769,2025-01-08,Cash,2947.0
652854,59937,2025-01-02,Cash,399.57
419109,17094,2025-01-17,Digital Wallet,395.96
795866,13510,2025-01-14,Digital Wallet,1902.26
853645,45052,2025-01-10,Cash,710.1
959973,87797,2025-01-07,Credit Card,29.55
715120,91174,2025-01-09,Digital Wallet,797.09
313551,13880,2025-01-05,Cash,4383.4
507,31351,2025-01-08,Credit Card,1244.16
820963,56369,2025-01-07,Digital Wallet,1705.0
434668,55919,2025-01-08,Credit Card,235.14
153512,4187,2025-01-12,Cash,96.29
486135,87232,2025-01-18,Credit Card,1240.64
137825,61703,2025-01-09,Credit Card,156.72
86076,33164,2025-01-15,Cash,1576.83
547108,49394,2025-01-03,Credit Card,613.13
593358,88571,2025-01-05,Digital Wallet,153.82
988355,80139,2025-01-09,Credit Card,888.37
36206,89632,2025-01-10,Digital Wallet,1886.38
584645,47776,2025-01-11,Digital Wallet,322.34
317604,13510,2025-01-15,Digital Wallet,3267.58
708930,21989,2025-01-02,Credit Card,140.49
69731,36340,2025-01-09,Credit Card,3170.97
171953,23133,2025-01-09,Credit Card,1538.62
671078,64039,2025-01-18,Cash,602.68
97001,72805,2025-01-06,Digital Wallet,261.68
740951,47258,2025-01-07,Credit Card,396.22
253712,56369,2025-01-03,Credit Card,1748.04
883843,73479,2025-01-01,Cash,1047.21
357660,9692,2025-01-18,Cash,2072.1
939820,71215,2025-01-12,Cash,26.53
912674,67948,2025-01-16,Credit Card,139.94
584541,27113,2025-01-10,Cash,1005.05
514928,31772,2025-01-06,Digital Wallet,188.4
738447,49348,2025-01-08,Digital Wallet,1387.94
708489,64995,2025-01-02,Digital Wallet,127.19
580859,56369,2025-01-04,Credit Card,371.76
108002,14909,2025-01-11,Cash,860.76
639989,47258,2025-01-02,Digital Wallet,1351.08
602059,13880,2025-01-16,Digital Wallet,43.86
829172,95534,2025-01-10,Credit Card,6044.97
841162,45052,2025-01-07,Cash,803.98
142935,77055,2025-01-02,Cash,708.85
776193,89420,2025-01-15,Digital Wallet,321.06
671966,15892,2025-01-01,Credit Card,2169.09
535136,46382,2025-01-03,Cash,158.22
941430,71215,2025-01-11,Digital Wallet,2006.9
241912,42924,2025-01-18,Cash,199.13
589908,46382,2025-01-04,Digital Wallet,443.93
648212,49348,2025-01-16,Digital Wallet,669.51
675454,85572,2025-01-17,Credit Card,2288.21
580044,91666,2025-01-01,Digital Wallet,876.57
956594,49723,2025-01-15,Digital Wallet,393.02
577000,44438,2025-01-09,Cash,295.03
608800,50708,2025-01-04,Digital Wallet,297.15
313042,23666,2025-01-02,Credit Card,268.64
253581,10503,2025-01-01,Credit Card,176.43
22125,49241,2025-01-05,Cash,534.02
426052,60562,2025-01-01,Cash,115.58
749972,55902,2025-01-15,Digital Wallet,3387.96
44520,89745,2025-01-17,Credit Card,968.34
236370,6437,2025-01-12,Credit Card,513.52
889914,62347,2025-01-04,Digital Wallet,749.28
556511,13510,2025-01-03,Credit Card,946.4
341964,30309,2025-01-14,Cash,1411.12
319054,26572,2025-01-10,Digital Wallet,1311.96
752353,98157,2025-01-16,Digital Wallet,726.39
964529,17094,2025-01-07,Cash,1207.27
629220,24926,2025-01-16,Digital Wallet,1859.1
793471,65690,2025-01-01,Credit Card,2387.93
299805,45386,2025-01-04,Credit Card,202.6
312194,36340,2025-01-14,Credit Card,262.65
600669,91666,2025-01-04,Credit Card,358.48
75835,52939,2025-01-15,Digital Wallet,7925.63
320637,42104,2025-01-05,Cash,531.3
246900,22597,2025-01-14,Cash,109.8
534143,749,2025-01-02,Cash,1016.09
502158,1940,2025-01-12,Credit Card,249.38
648498,73973,2025-01-06,Credit Card,47.14
699884,4187,2025-01-09,Cash,456.8
356092,31351,2025-01-18,Credit Card,32.08
879686,35143,2025-01-16,Credit Card,263.64
832787,426,2025-01-11,Digital Wallet,2051.25
500585,31772,2025-01-15,Digital Wallet,4548.76
117225,71624,2025-01-16,Cash,1723.86
66435,24926,2025-01-07,Digital Wallet,1022.14
991222,76809,2025-01-15,Cash,338.64
849914,60533,2025-01-11,Digital Wallet,871.19
563482,72627,2025-01-16,Digital Wallet,341.92
531303,19036,2025-01-15,Digital Wallet,236.45
342891,33221,2025-01-03,Cash,51.63
178223,8490,2025-01-01,Cash,309.48
466674,39039,2025-01-14,Cash,154.16
626633,55396,2025-01-18,Digital Wallet,779.06
303309,26835,2025-01-04,Digital Wallet,606.42
485498,47602,2025-01-07,Credit Card,87.22
857890,88571,2025-01-03,Credit Card,64.72
494728,7334,2025-01-05,Credit Card,8.73
613120,73973,2025-01-07,Cash,476.41
176217,80139,2025-01-11,Digital Wallet,684.78
910884,41669,2025-01-11,Credit Card,5780.42
346830,47602,2025-01-16,Credit Card,54.53
303972,78893,2025-01-04,Digital Wallet,4680.32
420634,41669,2025-01-11,Cash,603.64
329840,88374,2025-01-04,Cash,18.6
576151,85893,2025-01-12,Digital Wallet,18.6
993106,50955,2025-01-04,Cash,1216.59
45840,76363,2025-01-11,Credit Card,367.27
289088,26835,2025-01-12,Digital Wallet,107.77
967062,4998,2025-01-08,Credit Card,20.51
228433,94064,2025-01-10,Cash,4537.23
976357,10215,2025-01-09,Digital Wallet,625.55
519636,12039,2025-01-10,Digital Wallet,2020.89
369960,77181,2025-01-15,Cash,55.44
916439,82911,2025-01-02,Credit Card,109.64
379448,29473,2025-01-08,Credit Card,1094.3
207294,36292,2025-01-02,Cash,388.57
222071,89632,2025-01-05,Cash,2940.97
799769,26237,2025-01-02,Credit Card,81.2
935618,4452,2025-01-12,Digital Wallet,1947.81
971019,55396,2025-01-17,Cash,215.34
805406,64039,2025-01-03,Credit Card,264.03
334773,33718,2025-01-02,Cash,154.88
862351,47910,2025-01-01,Digital Wallet,4358.14
112096,21151,2025-01-02,Digital Wallet,2117.31
131765,44231,2025-01-18,Digital Wallet,2074.56
747168,39039,2025-01-18,Cash,711.29
17061,49394,2025-01-08,Digital Wallet,304.63
532865,47776,2025-01-11,Digital Wallet,1133.92
870379,56369,2025-01-18,Digital Wallet,560.07
203309,27209,2025-01-14,Digital Wallet,39.28
711779,33221,2025-01-11,Cash,1119.11
378015,84029,2025-01-05,Cash,294.17
448733,49241,2025-01-03,Digital Wallet,832.52
52445,41859,2025-01-11,Cash,4736.51
198088,63117,2025-01-02,Digital Wallet,355.44
131106,47602,2025-01-15,Credit Card,3507.72
387414,749,2025-01-04,Cash,1700.11
908694,28263,2025-01-08,Cash,968.95
53087,93890,2025-01-09,Cash,2520.82
727183,25098,2025-01-05,Credit Card,49.4
744650,36340,2025-01-18,Credit Card,4349.32
508453,65084,2025-01-13,Credit Card,300.5
543603,18787,2025-01-12,Cash,1127.72
339741,25098,2025-01-17,Cash,110.96
90188,29473,2025-01-03,Digital Wallet,128.71
581103,34416,2025-01-08,Digital Wallet,614.66
650017,38601,2025-01-01,Cash,77.67
979352,2543,2025-01-02,Credit Card,1233.04
920912,42104,2025-01-04,Credit Card,28.67
799420,73479,2025-01-16,Credit Card,696.28
349676,13679,2025-01-16,Credit Card,290.15
261839,49348,2025-01-04,Credit Card,221.42
895320,82911,2025-01-10,Cash,202.79
859839,4304,2025-01-09,Credit Card,5327.65
753540,91174,2025-01-08,Credit Card,209.78
189297,45052,2025-01-09,Digital Wallet,169.0
989499,31772,2025-01-01,Credit Card,668.96
740528,94064,2025-01-09,Cash,333.42
382209,76363,2025-01-18,Digital Wallet,1047.1
535080,77055,2025-01-04,Cash,2183.27
249133,15034,2025-01-16,Cash,471.22
430661,51879,2025-01-16,Credit Card,289.78
740656,53769,2025-01-13,Credit Card,909.48
357177,62347,2025-01-07,Digital Wallet,480.68
15858,4842,2025-01-09,Cash,1215.13
327792,55396,2025-01-14,Credit Card,29.65
452963,426,2025-01-14,Credit Card,400.97
975434,26070,2025-01-07,Cash,360.95
994070,4452,2025-01-01,Digital Wallet,203.79
132204,41909,2025-01-11,Digital Wallet,1424.89
803616,22319,2025-01-17,Digital Wallet,483.05
532152,46382,2025-01-05,Credit Card,1016.87
926773,64995,2025-01-17,Credit Card,72.36
372040,44438,2025-01-09,Digital Wallet,204.11
502337,92655,2025-01-08,Cash,1394.16
547586,88824,2025-01-01,Digital Wallet,63.36
412935,9692,2025-01-15,Digital Wallet,777.01
975828,25835,2025-01-05,Credit Card,594.11
763205,98157,2025-01-13,Credit Card,4369.81
472349,78893,2025-01-09,Credit Card,169.12
155947,33134,2025-01-02,Cash,321.38
293546,42104,2025-01-16,Cash,53.1
683018,37346,2025-01-06,Credit Card,115.33
275838,64995,2025-01-06,Credit Card,169.48
398968,89380,2025-01-11,Cash,221.9
70690,47426,2025-01-04,Cash,321.47
280399,17411,2025-01-10,Credit Card,747.03
60780,93890,2025-01-09,Cash,408.48
557260,72805,2025-01-07,Credit Card,1312.79
108825,66677,2025-01-05,Digital Wallet,1172.2
973926,24926,2025-01-07,Cash,965.27
780210,75330,2025-01-02,Credit Card,141.28
675638,50708,2025-01-10,Credit Card,194.9
524480,64039,2025-01-12,Credit Card,960.28
661781,25835,2025-01-09,Credit Card,58.69
59336,49723,2025-01-16,Credit Card,2660.08
813280,39483,2025-01-13,Credit Card,1006.31
156280,26572,2025-01-03,Credit Card,744.47
219792,15232,2025-01-02,Credit Card,329.53
995322,50973,2025-01-15,Cash,520.38
337963,82911,2025-01-15,Credit Card,128.74
850217,38471,2025-01-03,Credit Card,1107.02
942023,76349,2025-01-16,Digital Wallet,1378.15
157686,44830,2025-01-04,Cash,6421.08
25922,87200,2025-01-03,Credit Card,882.12
455855,87797,2025-01-18,Credit Card,1596.23
438099,75330,2025-01-07,Credit Card,1292.1
965372,61703,2025-01-18,Digital Wallet,2538.3
509775,10503,2025-01-14,Digital Wallet,53.42
502570,49394,2025-01-17,Cash,597.01
847552,51879,2025-01-03,Digital Wallet,448.98
19908,13880,2025-01-02,Credit Card,240.05
520560,91736,2025-01-12,Digital Wallet,171.59
248380,426,2025-01-01,Cash,472.3
103962,24926,2025-01-10,Cash,1024.21
526027,15034,2025-01-13,Cash,740.7
202788,36292,2025-01-02,Cash,4204.59
655021,95534,2025-01-11,Digital Wallet,346.71
367709,49348,2025-01-09,Digital Wallet,28.54
120958,44438,2025-01-02,Credit Card,1048.82
187675,42104,2025-01-15,Digital Wallet,4.26
262165,92655,2025-01-11,Digital Wallet,3121.55
84024,13880,2025-01-14,Cash,1383.23
637745,44830,2025-01-12,Credit Card,102.87
58988,52939,2025-01-10,Credit Card,5895.56
619714,426,2025-01-08,Credit Card,151.02
600311,74874,2025-01-06,Cash,107.93
849831,84575,2025-01-12,Digital Wallet,873.48
37461,19036,2025-01-12,Credit Card,173.16
529307,94064,2025-01-09,Cash,607.62
139666,67414,2025-01-17,Digital Wallet,118.6
394973,75787,2025-01-11,Credit Card,273.43
34185,98157,2025-01-01,Credit Card,168.38
174457,1940,2025-01-02,Cash,171.87
171059,23133,2025-01-11,Digital Wallet,788.79
567743,75787,2025-01-01,Cash,191.72
258852,60647,2025-01-09,Credit Card,923.05
667490,22319,2025-01-07,Credit Card,401.96
883087,72805,2025-01-05,Credit Card,137.79
841920,41452,2025-01-08,Digital Wallet,54.19
538283,71251,2025-01-02,Cash,587.55
130138,49124,2025-01-06,Credit Card,272.19
76509,15892,2025-01-18,Cash,737.06
723730,37346,2025-01-05,Cash,1515.61
599354,60562,2025-01-13,Credit Card,576.21
469948,89420,2025-01-16,Cash,1857.1
688647,84575,2025-01-09,Cash,32.82
207995,39292,2025-01-15,Cash,1692.05
585883,49394,2025-01-12,Cash,409.79
934297,77181,2025-01-18,Cash,215.49
708117,50651,2025-01-13,Digital Wallet,2796.93
277652,19864,2025-01-18,Credit Card,788.52
552179,7215,2025-01-12,Digital Wallet,873.17
338021,49241,2025-01-17,Digital Wallet,1240.29
992557,7215,2025-01-08,Credit Card,17.66
709412,13782,2025-01-09,Digital Wallet,1970.01
873258,49124,2025-01-09,Credit Card,462.28
192281,73973,2025-01-01,Credit Card,20.9
615359,23666,2025-01-18,Digital Wallet,951.09
791033,15232,2025-01-11,Digital Wallet,376.34
513919,65084,2025-01-11,Digital Wallet,53.18
598078,50955,2025-01-04,Credit Card,27.9
875151,42924,2025-01-03,Credit Card,55.84
687069,43742,2025-01-06,Cash,827.73
428957,51879,2025-01-15,Digital Wallet,997.36
362324,9692,2025-01-01,Digital Wallet,540.68
680013,25098,2025-01-08,Digital Wallet,85.3
697122,21151,2025-01-09,Cash,187.51
276523,34416,2025-01-18,Credit Card,90.88
128746,81329,2025-01-11,Credit Card,4787.26
30657,8362,2025-01-14,Credit Card,2219.45
628662,23666,2025-01-17,Cash,1639.5
797140,57781,2025-01-05,Credit Card,655.48
350311,96946,2025-01-02,Digital Wallet,134.82
912882,87241,2025-01-01,Digital Wallet,843.76
538870,85572,2025-01-08,Cash,1027.51
584560,41859,2025-01-08,Digital Wallet,3456.95
163197,62482,2025-01-04,Cash,716.68
388657,27209,2025-01-10,Credit Card,306.6
808509,84575,2025-01-07,Credit Card,1429.49
214763,51879,2025-01-06,Digital Wallet,3257.25
793996,77734,2025-01-04,Cash,470.1
585601,76363,2025-01-10,Digital Wallet,547.7
304482,63117,2025-01-08,Cash,926.41
49587,67948,2025-01-15,Digital Wallet,22.24
398740,15892,2025-01-11,Digital Wallet,91.21
132769,21151,2025-01-06,Digital Wallet,4752.53
771016,26070,2025-01-15,Digital Wallet,1033.54
442458,35143,2025-01-18,Cash,1209.93
340128,50955,2025-01-18,Credit Card,913.77
96737,71624,2025-01-15,Digital Wallet,377.7
664460,27113,2025-01-15,Cash,1974.58
343372,39292,2025-01-12,Cash,3443.17
827366,7215,2025-01-16,Cash,1538.96
262771,44699,2025-01-08,Credit Card,2536.48
115730,77734,2025-01-16,Credit Card,63.13
259154,92472,2025-01-01,Digital Wallet,1304.56
809830,7215,2025-01-18,Cash,347.37
564193,60533,2025-01-12,Credit Card,216.74
490845,21151,2025-01-07,Credit Card,4628.46
426421,50531,2025-01-14,Credit Card,343.12
196347,39039,2025-01-10,Cash,1590.47
482411,45386,2025-01-08,Cash,137.19
797708,25098,2025-01-01,Digital Wallet,1447.07
756718,15232,2025-01-02,Digital Wallet,469.91
446033,12039,2025-01-03,Credit Card,208.88
244985,54174,2025-01-16,Credit Card,938.46
69188,39039,2025-01-15,Cash,3330.16
675785,64999,2025-01-06,Credit Card,264.33
966193,30309,2025-01-01,Credit Card,385.83
448916,27209,2025-01-10,Cash,11.72
571713,53769,2025-01-07,Digital Wallet,468.82
389297,4998,2025-01-12,Credit Card,3255.23
762706,92472,2025-01-11,Credit Card,34.92
404000,10215,2025-01-10,Credit Card,2132.84
266404,60647,2025-01-14,Credit Card,757.4
780904,36292,2025-01-12,Cash,474.14
891424,33164,2025-01-11,Digital Wallet,1536.5
665938,91614,2025-01-08,Digital Wallet,585.3
253028,52939,2025-01-09,Digital Wallet,2937.82
339012,53119,2025-01-17,Digital Wallet,633.73
255000,39292,2025-01-06,Credit Card,1517.71
128474,13782,2025-01-07,Digital Wallet,2212.69
275833,84029,2025-01-05,Credit Card,261.75
683212,46768,2025-01-07,Cash,666.04
84271,45052,2025-01-09,Digital Wallet,717.66
292801,39039,2025-01-18,Cash,1064.89
858861,66677,2025-01-11,Digital Wallet,1414.72
842834,89380,2025-01-13,Credit Card,498.97
40760,39292,2025-01-14,Digital Wallet,1032.8
3007,88571,2025-01-05,Credit Card,1097.08
849807,50955,2025-01-02,Digital Wallet,22.56
395659,53119,2025-01-14,Digital Wallet,4351.68
878976,749,2025-01-17,Credit Card,13.5
877309,98436,2025-01-09,Digital Wallet,466.73
636338,55919,2025-01-12,Credit Card,357.85
77958,26070,2025-01-17,Cash,153.81
625304,10503,2025-01-10,Credit Card,1763.24
13487,17411,2025-01-13,Credit Card,463.06
603351,89745,2025-01-08,Digital Wallet,266.99
931020,71251,2025-01-15,Credit Card,11.28
381206,84575,2025-01-03,Credit Card,355.93
447222,49723,2025-01-18,Digital Wallet,201.36
556256,73479,2025-01-07,Cash,24.34
931865,12039,2025-01-03,Digital Wallet,185.97
381856,91736,2025-01-14,Credit Card,2232.22
853470,33164,2025-01-08,Digital Wallet,145.81
979086,26572,2025-01-10,Digital Wallet,15.6
689310,62482,2025-01-08,Cash,1242.19
625634,13782,2025-01-10,Cash,7115.06
923584,61880,2025-01-16,Digital Wallet,1780.84
828669,56369,2025-01-12,Digital Wallet,6606.39
93909,10215,2025-01-12,Credit Card,310.25
579694,47426,2025-01-05,Cash,36.12
721753,50955,2025-01-14,Cash,52.28
728220,13679,2025-01-11,Cash,10.1
482161,52939,2025-01-15,Digital Wallet,2534.08
968503,38601,2025-01-11,Digital Wallet,163.52
956564,77055,2025-01-04,Credit Card,3497.85
964368,44830,2025-01-10,Credit Card,1457.92
410016,39483,2025-01-05,Credit Card,4676.0
932394,33134,2025-01-12,Credit Card,1260.87
535512,31351,2025-01-13,Digital Wallet,1596.7
285221,64995,2025-01-01,Credit Card,401.01
385953,44231,2025-01-17,Cash,1215.25
624098,95534,2025-01-10,Credit Card,77.66
950707,70369,2025-01-13,Digital Wallet,215.88
842311,13056,2025-01-07,Cash,837.12
736830,26572,2025-01-17,Credit Card,227.05
399895,36340,2025-01-17,Digital Wallet,244.69
956463,97988,2025-01-05,Digital Wallet,1146.24
495401,426,2025-01-09,Cash,50.7
407884,27113,2025-01-16,Digital Wallet,343.34
958874,19894,2025-01-03,Cash,50.76
33524,46382,2025-01-01,Digital Wallet,36.12
339839,21772,2025-01-11,Credit Card,235.7
499846,39483,2025-01-18,Credit Card,2100.15
400546,87232,2025-01-17,Digital Wallet,570.76
783302,88824,2025-01-02,Digital Wallet,5617.99
644173,1940,2025-01-13,Cash,1831.52
550795,99868,2025-01-06,Digital Wallet,304.62
481939,87797,2025-01-11,Credit Card,3312.77
68208,50973,2025-01-11,Cash,22.95
732666,93384,2025-01-15,Credit Card,629.28
694485,19894,2025-01-07,Digital Wallet,921.98
282292,93890,2025-01-08,Credit Card,5840.73
169585,93384,2025-01-03,Cash,41.6
534157,93890,2025-01-07,Digital Wallet,925.75
647092,81329,2025-01-07,Cash,1575.07
444566,64999,2025-01-17,Cash,196.37
264423,65084,2025-01-07,Cash,62.66
55914,82911,2025-01-02,Digital Wallet,17.27
789022,98436,2025-01-05,Credit Card,301.79
116575,13880,2025-01-09,Digital Wallet,100.68
457561,73973,2025-01-15,Cash,232.63
483095,49124,2025-01-01,Cash,1363.33
795840,38601,2025-01-18,Credit Card,278.96
662448,60647,2025-01-09,Credit Card,430.95
909949,50651,2025-01-18,Digital Wallet,622.05
111851,26237,2025-01-11,Digital Wallet,2504.48
231568,31856,2025-01-02,Digital Wallet,2158.19
540344,70369,2025-01-13,Digital Wallet,1858.06
431117,25835,2025-01-10,Credit Card,510.46
751819,28649,2025-01-15,Credit Card,599.22
894877,91614,2025-01-01,Digital Wallet,3561.36
310880,96946,2025-01-13,Cash,1780.46
578450,57781,2025-01-01,Cash,264.01
680998,8490,2025-01-07,Credit Card,1690.64
709298,13056,2025-01-09,Digital Wallet,306.77
318667,4842,2025-01-16,Cash,115.57
783493,4187,2025-01-09,Credit Card,1615.3
28157,4452,2025-01-16,Credit Card,1642.95
806443,71215,2025-01-13,Digital Wallet,1660.71
917116,65084,2025-01-06,Credit Card,4561.15
435529,97988,2025-01-17,Credit Card,103.83
178653,62482,2025-01-11,Digital Wallet,920.44
281207,27209,2025-01-07,Credit Card,67.68
699001,60647,2025-01-11,Digital Wallet,46.6
220222,71251,2025-01-07,Credit Card,3325.41
157286,49124,2025-01-10,Credit Card,1095.11
721981,89380,2025-01-04,Credit Card,1219.2
684836,75787,2025-01-01,Credit Card,1641.38
258415,7215,2025-01-15,Digital Wallet,38.25
875605,34416,2025-01-12,Digital Wallet,94.29
244220,41909,2025-01-06,Cash,25.11
102144,71251,2025-01-02,Cash,1396.22
1162,41909,2025-01-13,Credit Card,1875.96
631708,49124,2025-01-09,Digital Wallet,577.85
478666,87232,2025-01-13,Credit Card,5067.0
401250,44699,2025-01-12,Credit Card,2721.51
426877,91174,2025-01-11,Cash,892.52
715762,77055,2025-01-17,Cash,151.96
109316,91666,2025-01-15,Cash,219.44
942815,7215,2025-01-11,Digital Wallet,76.78
834704,94296,2025-01-05,Credit Card,68.02
198400,77181,2025-01-03,Credit Card,549.34
300639,89745,2025-01-15,Cash,135.02
48421,55396,2025-01-08,Digital Wallet,1069.41
176053,92472,2025-01-11,Cash,291.47
141633,93890,2025-01-17,Digital Wallet,1566.78
773412,33718,2025-01-05,Digital Wallet,705.97
27794,60562,2025-01-01,Credit Card,20.9
295141,94296,2025-01-09,Cash,244.09
824489,13782,2025-01-10,Cash,39.96
804936,72805,2025-01-10,Cash,4356.47
378328,76349,2025-01-10,Cash,254.04
771616,41859,2025-01-01,Cash,245.11
662842,47258,2025-01-18,Digital Wallet,659.47
358514,1940,2025-01-05,Digital Wallet,14.53
339877,94064,2025-01-04,Cash,5314.72
564582,63117,2025-01-10,Cash,528.19
199269,65690,2025-01-17,Digital Wallet,632.5
143784,88571,2025-01-14,Digital Wallet,70.72
441283,76065,2025-01-16,Credit Card,107.66
239518,8490,2025-01-17,Digital Wallet,1171.55
291351,39039,2025-01-18,Credit Card,208.74
283553,88824,2025-01-10,Digital Wallet,297.79
992206,37438,2025-01-13,Cash,65.48
958178,98436,2025-01-12,Cash,435.78
782687,43742,2025-01-15,Digital Wallet,109.01
526376,28755,2025-01-16,Credit Card,135.61
157084,19894,2025-01-11,Credit Card,5882.56
649653,17094,2025-01-16,Credit Card,13.5
493490,15232,2025-01-18,Credit Card,793.62
402199,36340,2025-01-01,Cash,421.0
942238,28755,2025-01-04,Digital Wallet,736.42
939434,6437,2025-01-02,Cash,355.42
35849,7215,2025-01-12,Cash,4315.2
479455,8490,2025-01-15,Digital Wallet,634.78
629309,71624,2025-01-10,Digital Wallet,6479.66
691353,50955,2025-01-03,Digital Wallet,291.71
169244,63191,2025-01-13,Digital Wallet,148.9
78660,23133,2025-01-11,Credit Card,448.74
789662,85893,2025-01-04,Digital Wallet,246.68
591282,87797,2025-01-06,Cash,164.49
198719,26237,2025-01-05,Credit Card,485.83
696458,73479,2025-01-17,Digital Wallet,499.63
47786,4187,2025-01-13,Digital Wallet,22.82
735285,18689,2025-01-04,Credit Card,621.22
265363,36340,2025-01-13,Credit Card,307.35
742303,83113,2025-01-13,Digital Wallet,1551.34
684745,36340,2025-01-17,Credit Card,245.54
560596,31772,2025-01-07,Cash,231.14
62812,71251,2025-01-17,Digital Wallet,1303.31
117565,47602,2025-01-09,Credit Card,46.34
357817,76809,2025-01-13,Digital Wallet,777.08
298128,5330,2025-01-12,Cash,133.61
287948,41281,2025-01-16,Credit Card,463.19
169865,7334,2025-01-02,Cash,264.09
279969,93890,2025-01-11,Cash,647.41
121805,74874,2025-01-12,Cash,162.74
590766,18787,2025-01-01,Cash,18.57
382311,62347,2025-01-15,Credit Card,5522.31
971547,50531,2025-01-11,Cash,19.05
80150,66677,2025-01-12,Cash,1754.78
759524,19894,2025-01-12,Credit Card,496.74
308550,39483,2025-01-16,Credit Card,959.45
808865,94064,2025-01-11,Digital Wallet,309.46
447824,60647,2025-01-17,Digital Wallet,32.23
496927,9692,2025-01-04,Credit Card,244.47
271646,94296,2025-01-07,Credit Card,218.73
136560,46768,2025-01-08,Digital Wallet,779.41
431249,42104,2025-01-02,Digital Wallet,929.42
771251,52939,2025-01-15,Credit Card,452.19
863007,7334,2025-01-14,Cash,20.9
608460,50955,2025-01-07,Cash,118.26
11934,27113,2025-01-18,Cash,5.86
300761,49241,2025-01-01,Digital Wallet,827.53
611109,47258,2025-01-06,Credit Card,978.12
995693,33134,2025-01-03,Credit Card,155.3
415541,82911,2025-01-18,Digital Wallet,1841.5
45431,12039,2025-01-06,Cash,298.85
363056,41859,2025-01-18,Cash,263.2
21457,45386,2025-01-18,Cash,1825.4
936050,96946,2025-01-07,Digital Wallet,60.41
827043,47258,2025-01-01,Credit Card,762.8
110149,91901,2025-01-18,Digital Wallet,285.62
76849,23666,2025-01-11,Digital Wallet,4112.46
927873,91736,2025-01-01,Cash,1876.11
309903,84029,2025-01-05,Cash,197.42
190117,61880,2025-01-01,Cash,167.24
774083,17411,2025-01-07,Cash,1805.0
6553,87200,2025-01-03,Cash,703.59
572663,31772,2025-01-14,Credit Card,280.92
231268,76065,2025-01-03,Credit Card,353.33
611638,55396,2025-01-06,Digital Wallet,404.09
225108,10503,2025-01-06,Cash,928.89
656186,49394,2025-01-18,Credit Card,197.5
899109,72627,2025-01-08,Digital Wallet,169.24
222539,60533,2025-01-09,Credit Card,190.9
426979,37346,2025-01-15,Digital Wallet,217.59
667458,76349,2025-01-10,Digital Wallet,493.05
42213,30309,2025-01-12,Cash,1061.27
855591,33718,2025-01-06,Credit Card,1089.89
456808,60562,2025-01-13,Credit Card,1611.21
786544,91736,2025-01-07,Cash,679.54
742595,13782,2025-01-07,Digital Wallet,273.35
556729,97988,2025-01-09,Credit Card,5881.88
844552,56369,2025-01-11,Cash,5457.55
267201,28263,2025-01-13,Credit Card,86.8
985640,98157,2025-01-11,Credit Card,179.43
600344,33221,2025-01-03,Cash,1043.6
352152,84029,2025-01-03,Credit Card,1896.43
261779,56369,2025-01-08,Cash,386.38
251720,72627,2025-01-11,Cash,1225.4
466839,12039,2025-01-03,Digital Wallet,150.77
748227,45052,2025-01-10,Credit Card,327.68
478047,13880,2025-01-06,Cash,311.64
543459,48111,2025-01-18,Credit Card,328.93
814866,71215,2025-01-16,Digital Wallet,844.13
222590,81329,2025-01-02,Cash,827.9
135726,50973,2025-01-06,Cash,164.63
740180,33718,2025-01-16,Digital Wallet,16.92
164016,39292,2025-01-16,Cash,493.66
734995,59937,2025-01-17,Cash,970.24
237907,54174,2025-01-03,Digital Wallet,701.52
354399,27355,2025-01-15,Cash,219.79
421648,33718,2025-01-18,Cash,332.15
424120,44231,2025-01-17,Digital Wallet,2216.29
704073,55902,2025-01-07,Cash,113.75
820911,87200,2025-01-06,Digital Wallet,59.08
961328,47258,2025-01-05,Cash,165.58
686581,63117,2025-01-14,Digital Wallet,455.78
146367,18787,2025-01-08,Digital Wallet,221.09
486672,7334,2025-01-15,Credit Card,2185.64
566588,71215,2025-01-18,Cash,237.22
927209,44699,2025-01-03,Cash,468.6
441915,33134,2025-01-05,Credit Card,6652.23
207986,5330,2025-01-05,Cash,63.65
637154,19864,2025-01-12,Digital Wallet,270.88
833500,38601,2025-01-18,Digital Wallet,293.74
507445,23666,2025-01-05,Cash,1016.43
613091,60533,2025-01-12,Credit Card,151.52
640126,87200,2025-01-18,Credit Card,224.09
274226,80139,2025-01-05,Credit Card,179.59
602104,26070,2025-01-03,Digital Wallet,407.38
504527,47426,2025-01-06,Credit Card,1185.9
826977,89632,2025-01-05,Digital Wallet,403.89
599620,70369,2025-01-02,Digital Wallet,1697.47
147487,91614,2025-01-16,Credit Card,1231.49
724012,41614,2025-01-10,Digital Wallet,112.26
211219,89420,2025-01-15,Digital Wallet,319.73
11077,12039,2025-01-16,Cash,756.06
608927,1940,2025-01-12,Digital Wallet,1129.39
18848,54174,2025-01-15,Digital Wallet,583.46
730519,26572,2025-01-13,Digital Wallet,987.29
815880,70369,2025-01-04,Credit Card,462.21
346170,23133,2025-01-02,Credit Card,84.62
143797,77181,2025-01-14,Cash,1686.5
778455,88824,2025-01-02,Credit Card,819.4
594410,17411,2025-01-04,Cash,513.32
761249,50708,2025-01-08,Digital Wallet,416.28
704497,42924,2025-01-07,Cash,5664.73
46537,4187,2025-01-09,Cash,753.02
494415,61703,2025-01-15,Digital Wallet,2703.23
812014,44830,2025-01-01,Credit Card,134.32
31653,62482,2025-01-11,Cash,5318.95
751082,75330,2025-01-07,Credit Card,2486.93
974700,67414,2025-01-07,Credit Card,15.04
457909,45052,2025-01-13,Digital Wallet,96.18
2527,13679,2025-01-16,Cash,162.18
327016,33134,2025-01-13,Credit Card,922.73
471484,30309,2025-01-07,Digital Wallet,242.95
158836,39483,2025-01-13,Digital Wallet,40.52
742353,26572,2025-01-15,Digital Wallet,955.21
609023,41614,2025-01-09,Cash,2028.68
661495,45386,2025-01-18,Credit Card,693.56
291313,8362,2025-01-12,Credit Card,647.29
668556,92655,2025-01-03,Digital Wallet,452.55
877169,47426,2025-01-16,Cash,345.34
4649,50955,2025-01-05,Digital Wallet,447.89
210846,31772,2025-01-06,Digital Wallet,342.58
13722,13510,2025-01-04,Cash,176.98
410361,46382,2025-01-14,Digital Wallet,211.69
924458,81329,2025-01-14,Credit Card,1119.22
991376,44830,2025-01-06,Credit Card,2934.31
966551,51879,2025-01-15,Cash,87.12
830898,91614,2025-01-02,Digital Wallet,1313.88
746055,76065,2025-01-14,Credit Card,960.46
298855,34416,2025-01-16,Credit Card,577.85
951165,91736,2025-01-12,Credit Card,330.51
630940,27113,2025-01-17,Cash,594.33
76640,8646,2025-01-13,Credit Card,918.52
131684,93890,2025-01-06,Digital Wallet,1951.76
729250,74874,2025-01-15,Digital Wallet,40.22
78575,72805,2025-01-01,Cash,16.14
706203,44438,2025-01-06,Cash,1412.38
416152,38471,2025-01-10,Cash,50.5
249909,41452,2025-01-10,Digital Wallet,499.0
297413,88824,2025-01-12,Cash,1997.29
23502,15232,2025-01-10,Cash,178.84
722992,6437,2025-01-12,Credit Card,976.02
824237,72627,2025-01-18,Cash,1979.99
13031,91614,2025-01-09,Digital Wallet,6035.13
808879,66677,2025-01-12,Credit Card,1766.96
492821,62347,2025-01-10,Cash,205.65
459266,49124,2025-01-04,Cash,891.03
312780,80139,2025-01-11,Cash,4723.2
529322,51879,2025-01-07,Digital Wallet,100.13
78190,45052,2025-01-14,Credit Card,235.93
786120,2640,2025-01-06,Cash,6373.4
874277,8362,2025-01-15,Credit Card,219.36
662,67948,2025-01-03,Cash,1011.56
107708,44699,2025-01-01,Credit Card,45.64
833497,81329,2025-01-07,Credit Card,737.96
620171,47258,2025-01-13,Digital Wallet,588.03
87516,64039,2025-01-14,Cash,924.95
314567,43742,2025-01-10,Digital Wallet,88.04
823406,98157,2025-01-10,Cash,468.33
375493,76065,2025-01-07,Cash,1141.7
758525,74874,2025-01-14,Cash,1089.23
959335,39039,2025-01-03,Credit Card,180.62
818148,28263,2025-01-11,Credit Card,758.72
932327,43276,2025-01-04,Digital Wallet,452.86
986100,81329,2025-01-18,Credit Card,917.66
687710,76065,2025-01-10,Cash,1892.44
137140,89420,2025-01-05,Digital Wallet,133.14
248327,89420,2025-01-16,Digital Wallet,5768.26
555217,97988,2025-01-02,Cash,16.29
426226,29473,2025-01-08,Credit Card,753.67
867744,34416,2025-01-04,Cash,107.92
536595,35143,2025-01-16,Credit Card,129.0
482491,60647,2025-01-01,Digital Wallet,825.73
208952,749,2025-01-08,Digital Wallet,85.79
908976,70369,2025-01-15,Digital Wallet,1154.58
100692,44699,2025-01-10,Digital Wallet,1138.34
25434,84029,2025-01-11,Cash,702.91
29169,26835,2025-01-18,Credit Card,441.2
222572,89632,2025-01-07,Credit Card,965.85
203190,29473,2025-01-03,Digital Wallet,180.9
399590,59937,2025-01-13,Credit Card,128.14
889401,64999,2025-01-09,Cash,334.85
706793,8646,2025-01-15,Credit Card,244.82
64116,67414,2025-01-17,Credit Card,8490.16
753706,67948,2025-01-08,Cash,1085.85
517958,37438,2025-01-04,Digital Wallet,688.89
443981,55902,2025-01-01,Digital Wallet,273.32
599098,93586,2025-01-14,Digital Wallet,1148.45
213558,99868,2025-01-13,Digital Wallet,484.61
376592,4842,2025-01-14,Digital Wallet,348.99
476180,77055,2025-01-14,Cash,737.68
856905,98436,2025-01-03,Credit Card,426.48
3302,41909,2025-01-01,Credit Card,155.27
550618,98436,2025-01-06,Credit Card,109.8
519563,89420,2025-01-14,Cash,1462.68
236749,29473,2025-01-10,Digital Wallet,29.54
890958,8831,2025-01-15,Credit Card,1222.12
422289,31351,2025-01-17,Cash,6406.3
431972,31351,2025-01-18,Credit Card,765.58
194651,33221,2025-01-16,Digital Wallet,690.46
693267,39292,2025-01-08,Credit Card,1209.22
576734,61880,2025-01-03,Credit Card,2821.55
464252,87241,2025-01-09,Cash,261.61
158522,49124,2025-01-07,Credit Card,154.69
622183,15034,2025-01-02,Credit Card,680.27
31752,27355,2025-01-08,Digital Wallet,1126.25
119852,62347,2025-01-17,Credit Card,1053.25
195405,83113,2025-01-14,Cash,364.49
275339,55919,2025-01-01,Cash,1104.46
835696,44438,2025-01-09,Credit Card,2167.44
885089,63191,2025-01-17,Credit Card,1746.6
405538,51879,2025-01-04,Cash,6734.8
587392,41669,2025-01-01,Credit Card,91.53
541764,31772,2025-01-14,Cash,6240.65
610591,98436,2025-01-07,Digital Wallet,416.55
950160,76809,2025-01-13,Credit Card,427.07
553547,72627,2025-01-02,Cash,353.73
366126,46382,2025-01-02,Cash,1600.99
961394,47426,2025-01-07,Credit Card,921.39
885291,94064,2025-01-05,Credit Card,1542.93
889922,94064,2025-01-10,Digital Wallet,43.33
8778,4998,2025-01-12,Cash,1776.02
700425,74874,2025-01-10,Cash,460.92
685324,91614,2025-01-08,Credit Card,396.66
789488,38471,2025-01-07,Credit Card,1641.41
843803,27209,2025-01-09,Digital Wallet,956.52
723595,71251,2025-01-06,Credit Card,1115.15
300591,49394,2025-01-11,Digital Wallet,2210.38
268105,54174,2025-01-14,Digital Wallet,215.88
904359,27113,2025-01-03,Credit Card,737.33
979022,23666,2025-01-07,Credit Card,610.92
107733,61880,2025-01-18,Credit Card,42.81
602121,24926,2025-01-04,Digital Wallet,485.16
323091,98157,2025-01-17,Digital Wallet,4282.75
334138,61880,2025-01-12,Cash,183.23
715560,50973,2025-01-04,Digital Wallet,682.36
4335,13056,2025-01-06,Credit Card,63.46
471265,89745,2025-01-04,Cash,33.48
558849,41909,2025-01-03,Credit Card,622.33
152618,7215,2025-01-01,Cash,304.56
918684,61880,2025-01-06,Credit Card,536.42
278900,73479,2025-01-03,Digital Wallet,1136.02
636243,33134,2025-01-16,Digital Wallet,40.36
830195,47426,2025-01-17,Cash,467.74
568450,72805,2025-01-11,Cash,708.32
994587,13782,2025-01-12,Digital Wallet,156.0
547143,28755,2025-01-13,Credit Card,1613.05
83537,7334,2025-01-12,Credit Card,47.8
229156,8831,2025-01-04,Credit Card,202.31
586501,15892,2025-01-12,Credit Card,58.12
514278,28755,2025-01-14,Credit Card,449.2
483607,19036,2025-01-12,Digital Wallet,780.7
873514,47426,2025-01-13,Credit Card,351.6
921646,60533,2025-01-08,Cash,287.7
670302,39292,2025-01-11,Digital Wallet,1223.23
175854,81329,2025-01-09,Cash,63.3
283448,22319,2025-01-09,Credit Card,315.88
551995,33164,2025-01-17,Cash,345.83
654962,53119,2025-01-03,Digital Wallet,2717.39
532209,28263,2025-01-18,Credit Card,110.54
513708,76065,2025-01-18,Digital Wallet,374.52
740487,57781,2025-01-08,Credit Card,425.59
760943,63191,2025-01-05,Cash,1369.51
716464,55902,2025-01-17,Digital Wallet,1084.45
453585,8490,2025-01-07,Digital Wallet,837.53
594108,33718,2025-01-03,Digital Wallet,3944.52
593545,80139,2025-01-02,Digital Wallet,624.46
844696,21989,2025-01-10,Cash,78.7
240126,75787,2025-01-05,Cash,467.83
773329,31856,2025-01-07,Digital Wallet,870.21
127279,33221,2025-01-15,Credit Card,531.38
175716,41281,2025-01-10,Cash,603.96
443596,88571,2025-01-16,Cash,2439.17
190981,52939,2025-01-09,Cash,2080.22
32670,55919,2025-01-11,Credit Card,959.83
756377,91666,2025-01-05,Cash,156.99
319800,66677,2025-01-05,Digital Wallet,1152.83
303347,54174,2025-01-07,Cash,70.05
612922,62482,2025-01-07,Credit Card,1152.26
842452,2543,2025-01-11,Credit Card,84.52
770534,48111,2025-01-15,Credit Card,1920.14
600208,98157,2025-01-14,Digital Wallet,1146.03
757621,34416,2025-01-13,Credit Card,402.87
521550,26835,2025-01-12,Cash,868.34
35681,749,2025-01-07,Digital Wallet,2345.2
912642,39292,2025-01-07,Credit Card,1752.47
166764,89745,2025-01-08,Digital Wallet,1638.74
508821,63117,2025-01-18,Credit Card,436.55
713421,26572,2025-01-10,Credit Card,538.68
693045,39039,2025-01-10,Digital Wallet,492.42
432828,27209,2025-01-05,Cash,1230.09
43340,98436,2025-01-15,Credit Card,844.64
283439,77055,2025-01-07,Digital Wallet,134.6
580594,65690,2025-01-03,Digital Wallet,190.36
156070,82911,2025-01-05,Credit Card,1000.86
897597,26070,2025-01-04,Cash,650.29
518194,42104,2025-01-12,Credit Card,851.78
917524,17411,2025-01-10,Cash,148.91
127814,6437,2025-01-11,Cash,4537.28
323107,13782,2025-01-11,Credit Card,1369.31
879372,17411,2025-01-17,Digital Wallet,1523.34
204384,23133,2025-01-05,Credit Card,52.0
834915,80139,2025-01-15,Cash,227.14
566681,9692,2025-01-15,Digital Wallet,222.97
732428,13056,2025-01-12,Credit Card,858.23
816694,51879,2025-01-06,Digital Wallet,939.1
903476,38471,2025-01-08,Credit Card,451.06
927239,21772,2025-01-05,Digital Wallet,472.72
224916,8831,2025-01-04,Cash,747.82
341984,10503,2025-01-07,Cash,582.84
403341,35143,2025-01-16,Credit Card,534.68
131660,47602,2025-01-06,Credit Card,125.44
856049,33718,2025-01-08,Credit Card,440.73
415484,76809,2025-01-01,Digital Wallet,1633.28
593769,92472,2025-01-03,Digital Wallet,5967.24
441637,28263,2025-01-03,Cash,3528.51
184007,45052,2025-01-16,Credit Card,412.83
668440,91901,2025-01-14,Digital Wallet,165.58
583633,1940,2025-01-10,Cash,1171.0
488662,44438,2025-01-04,Cash,151.51
40422,89420,2025-01-16,Credit Card,156.14
242490,49394,2025-01-08,Credit Card,31.06
2972,53119,2025-01-07,Digital Wallet,2146.2
310612,50651,2025-01-08,Cash,800.37
11010,15034,2025-01-11,Credit Card,19.13
290196,36292,2025-01-05,Digital Wallet,38.25
678752,24926,2025-01-15,Digital Wallet,597.02
888988,41614,2025-01-13,Digital Wallet,329.05
641240,45386,2025-01-04,Credit Card,810.03
7895,47258,2025-01-03,Credit Card,36.76
321045,66677,2025-01-04,Credit Card,31.49
234316,34416,2025-01-16,Digital Wallet,26.08
502937,4842,2025-01-06,Credit Card,6587.98
697696,78893,2025-01-13,Cash,823.2
540206,67948,2025-01-02,Digital Wallet,831.35
745208,94064,2025-01-08,Credit Card,48.87
270071,13782,2025-01-17,Digital Wallet,248.87
405325,41669,2025-01-03,Cash,285.7
29361,27355,2025-01-09,Credit Card,1265.37
498359,26237,2025-01-02,Digital Wallet,5230.51
794227,84029,2025-01-04,Credit Card,8360.88
261833,26835,2025-01-10,Digital Wallet,101.12
74228,33718,2025-01-11,Credit Card,868.28
925048,81329,2025-01-17,Credit Card,182.54
196662,57781,2025-01-18,Cash,111.04
224630,50651,2025-01-12,Credit Card,250.53
657370,41281,2025-01-02,Digital Wallet,52.0
246192,50651,2025-01-14,Cash,1294.64
783016,92472,2025-01-09,Credit Card,1119.12
453875,30309,2025-01-11,Credit Card,48.42
912025,67414,2025-01-10,Cash,5431.29
757552,77181,2025-01-04,Credit Card,531.45
112242,44438,2025-01-05,Digital Wallet,1030.01
588313,13679,2025-01-08,Cash,882.16
832193,8831,2025-01-01,Digital Wallet,102.43
780065,28755,2025-01-01,Credit Card,201.82
863836,61880,2025-01-13,Credit Card,334.04
413236,72805,2025-01-09,Digital Wallet,398.1
122688,76349,2025-01-10,Credit Card,424.86
975899,70369,2025-01-12,Digital Wallet,130.15
413034,29473,2025-01-09,Cash,365.08
508898,38601,2025-01-03,Digital Wallet,905.63
103479,84029,2025-01-08,Digital Wallet,490.57
488949,29968,2025-01-02,Cash,997.87
494126,49394,2025-01-15,Credit Card,56.15
347281,87232,2025-01-17,Cash,146.8
425412,62482,2025-01-18,Digital Wallet,2715.01
342324,91666,2025-01-09,Cash,1486.63
439724,10503,2025-01-10,Digital Wallet,2520.89
27293,85893,2025-01-09,Credit Card,1521.87
577864,88824,2025-01-18,Cash,1117.72
286584,7334,2025-01-15,Credit Card,414.11
515616,46382,2025-01-05,Credit Card,3392.89
979118,50651,2025-01-14,Digital Wallet,178.16
167558,42104,2025-01-07,Digital Wallet,1695.88
548948,4304,2025-01-12,Credit Card,371.49
953149,39483,2025-01-11,Cash,77.8
780283,9692,2025-01-05,Credit Card,644.66
865163,37438,2025-01-11,Digital Wallet,664.18
967066,38601,2025-01-02,Digital Wallet,2824.83
